ID;SBI1993LeeftijdscatCaoSectoren;Perioden;CaoLonenInclBijzBelPerMaand_1;CaoLonenInclBijzBelPerUur_2
0;Totaal cao's;1999 januari;122.9;125.4
1;Totaal cao's;1999 februari;123.0;125.5
2;Totaal cao's;1999 maart;123.3;125.9
3;Totaal cao's;1999 april;123.5;126.1
4;Totaal cao's;1999 mei;123.6;126.3
5;Totaal cao's;1999 juni;123.9;126.6
6;Totaal cao's;1999 juli;124.6;127.3
7;Totaal cao's;1999 augustus;125.2;127.9
8;Totaal cao's;1999 september;125.6;128.3
9;Totaal cao's;1999 oktober;126.1;128.9
10;Totaal cao's;1999 november;126.3;129.2
11;Totaal cao's;1999 december;126.3;129.2
12;Totaal cao's;1999 jaargemiddelde;125.0;127.8
13;Totaal cao's;2000 januari;126.8;129.6
14;Totaal cao's;2000 februari;126.9;129.9
15;Totaal cao's;2000 maart;127.1;130.0
16;Totaal cao's;2000 april;127.5;130.4
17;Totaal cao's;2000 mei;127.5;130.5
18;Totaal cao's;2000 juni;127.8;130.8
19;Totaal cao's;2000 juli;128.9;131.9
20;Totaal cao's;2000 augustus;129.1;132.1
21;Totaal cao's;2000 september;129.7;132.7
22;Totaal cao's;2000 oktober;129.9;133.0
23;Totaal cao's;2000 november;130.0;133.1
24;Totaal cao's;2000 december;130.1;133.2
25;Totaal cao's;2000 jaargemiddelde;128.9;131.9
26;Totaal cao's;2001 januari;130.9;134.0
27;Totaal cao's;2001 februari;131.1;134.2
28;Totaal cao's;2001 maart;131.5;134.6
29;Totaal cao's;2001 april;132.7;135.8
30;Totaal cao's;2001 mei;133.3;136.5
31;Totaal cao's;2001 juni;134.1;137.3
32;Totaal cao's;2001 juli;135.6;138.8
33;Totaal cao's;2001 augustus;135.8;139.0
34;Totaal cao's;2001 september;135.9;139.2
35;Totaal cao's;2001 oktober;136.7;140.0
36;Totaal cao's;2001 november;136.8;140.0
37;Totaal cao's;2001 december;136.9;140.2
38;Totaal cao's;2001 jaargemiddelde;135.2;138.4
39;Totaal cao's;2002 januari;137.8;141.1
40;Totaal cao's;2002 februari;137.8;141.1
41;Totaal cao's;2002 maart;138.2;141.5
42;Totaal cao's;2002 april;138.6;141.9
43;Totaal cao's;2002 mei;139.0;142.3
44;Totaal cao's;2002 juni;139.3;142.6
45;Totaal cao's;2002 juli;140.6;143.9
46;Totaal cao's;2002 augustus;140.7;144.1
47;Totaal cao's;2002 september;141.1;144.5
48;Totaal cao's;2002 oktober;141.5;144.9
49;Totaal cao's;2002 november;141.5;144.9
50;Totaal cao's;2002 december;141.6;145.0
51;Totaal cao's;2002 jaargemiddelde;140.2;143.6
52;Totaal cao's;2003 januari;142.6;146.0
53;Totaal cao's;2003 februari;142.7;146.2
54;Totaal cao's;2003 maart;142.9;146.3
55;Totaal cao's;2003 april;143.1;146.6
56;Totaal cao's;2003 mei;143.7;147.1
57;Jeugd;1999 januari;124.0;125.3
58;Jeugd;1999 februari;124.0;125.3
59;Jeugd;1999 maart;124.1;125.4
60;Jeugd;1999 april;124.1;125.4
61;Jeugd;1999 mei;124.3;125.6
62;Jeugd;1999 juni;124.6;126.0
63;Jeugd;1999 juli;125.6;127.0
64;Jeugd;1999 augustus;125.9;127.3
65;Jeugd;1999 september;126.5;127.9
66;Jeugd;1999 oktober;127.1;128.5
67;Jeugd;1999 november;127.4;128.9
68;Jeugd;1999 december;127.4;128.9
69;Jeugd;1999 jaargemiddelde;125.8;127.4
70;Jeugd;2000 januari;128.5;130.0
71;Jeugd;2000 februari;128.9;130.4
72;Jeugd;2000 maart;128.9;130.5
73;Jeugd;2000 april;129.1;130.6
74;Jeugd;2000 mei;129.1;130.6
75;Jeugd;2000 juni;129.2;130.7
76;Jeugd;2000 juli;130.3;131.8
77;Jeugd;2000 augustus;130.6;132.1
78;Jeugd;2000 september;131.2;132.7
79;Jeugd;2000 oktober;131.6;133.0
80;Jeugd;2000 november;131.7;133.3
81;Jeugd;2000 december;131.8;133.4
82;Jeugd;2000 jaargemiddelde;130.4;131.9
83;Jeugd;2001 januari;132.9;134.4
84;Jeugd;2001 februari;133.4;134.9
85;Jeugd;2001 maart;133.4;135.0
86;Jeugd;2001 april;136.9;138.6
87;Jeugd;2001 mei;137.6;139.3
88;Jeugd;2001 juni;137.9;139.6
89;Jeugd;2001 juli;140.5;142.2
90;Jeugd;2001 augustus;140.6;142.3
91;Jeugd;2001 september;140.8;142.5
92;Jeugd;2001 oktober;141.1;142.8
93;Jeugd;2001 november;141.2;142.9
94;Jeugd;2001 december;141.3;143.0
95;Jeugd;2001 jaargemiddelde;139.4;141.1
96;Jeugd;2002 januari;142.8;144.6
97;Jeugd;2002 februari;142.9;144.6
98;Jeugd;2002 maart;143.1;144.9
99;Jeugd;2002 april;143.2;145.0
100;Jeugd;2002 mei;143.3;145.1
101;Jeugd;2002 juni;143.4;145.2
102;Jeugd;2002 juli;144.7;146.5
103;Jeugd;2002 augustus;144.9;146.7
104;Jeugd;2002 september;145.2;147.0
105;Jeugd;2002 oktober;146.2;147.9
106;Jeugd;2002 november;146.0;147.7
107;Jeugd;2002 december;146.0;147.8
108;Jeugd;2002 jaargemiddelde;144.5;146.2
109;Jeugd;2003 januari;147.4;149.2
110;Jeugd;2003 februari;147.5;149.3
111;Jeugd;2003 maart;147.6;149.4
112;Jeugd;2003 april;147.9;149.7
113;Jeugd;2003 mei;148.0;149.8
114;Volwassenen;1999 januari;122.8;125.4
115;Volwassenen;1999 februari;122.9;125.6
116;Volwassenen;1999 maart;123.2;126.0
117;Volwassenen;1999 april;123.5;126.2
118;Volwassenen;1999 mei;123.6;126.3
119;Volwassenen;1999 juni;123.9;126.6
120;Volwassenen;1999 juli;124.5;127.3
121;Volwassenen;1999 augustus;125.1;127.9
122;Volwassenen;1999 september;125.5;128.3
123;Volwassenen;1999 oktober;126.1;128.9
124;Volwassenen;1999 november;126.2;129.2
125;Volwassenen;1999 december;126.3;129.2
126;Volwassenen;1999 jaargemiddelde;125.0;127.9
127;Volwassenen;2000 januari;126.6;129.6
128;Volwassenen;2000 februari;126.8;129.8
129;Volwassenen;2000 maart;127.0;130.0
130;Volwassenen;2000 april;127.4;130.4
131;Volwassenen;2000 mei;127.4;130.4
132;Volwassenen;2000 juni;127.7;130.8
133;Volwassenen;2000 juli;128.8;131.9
134;Volwassenen;2000 augustus;129.0;132.1
135;Volwassenen;2000 september;129.6;132.7
136;Volwassenen;2000 oktober;129.8;133.2
137;Volwassenen;2000 november;129.9;133.1
138;Volwassenen;2000 december;130.0;133.2
139;Volwassenen;2000 jaargemiddelde;128.8;131.9
140;Volwassenen;2001 januari;130.7;133.9
141;Volwassenen;2001 februari;131.0;134.2
142;Volwassenen;2001 maart;131.3;134.5
143;Volwassenen;2001 april;132.4;135.6
144;Volwassenen;2001 mei;133.0;136.3
145;Volwassenen;2001 juni;133.9;137.2
146;Volwassenen;2001 juli;135.2;138.6
147;Volwassenen;2001 augustus;135.4;138.8
148;Volwassenen;2001 september;135.6;138.9
149;Volwassenen;2001 oktober;136.4;139.8
150;Volwassenen;2001 november;136.5;139.8
151;Volwassenen;2001 december;136.6;140.0
152;Volwassenen;2001 jaargemiddelde;134.9;138.3
153;Volwassenen;2002 januari;137.4;140.8
154;Volwassenen;2002 februari;137.5;140.9
155;Volwassenen;2002 maart;137.9;141.3
156;Volwassenen;2002 april;138.3;141.7
157;Volwassenen;2002 mei;138.7;142.2
158;Volwassenen;2002 juni;139.0;142.4
159;Volwassenen;2002 juli;140.3;143.7
160;Volwassenen;2002 augustus;140.4;143.9
161;Volwassenen;2002 september;140.9;144.3
162;Volwassenen;2002 oktober;141.2;144.7
163;Volwassenen;2002 november;141.2;144.7
164;Volwassenen;2002 december;141.3;144.8
165;Volwassenen;2002 jaargemiddelde;139.9;143.4
166;Volwassenen;2003 januari;142.3;145.8
167;Volwassenen;2003 februari;142.4;145.9
168;Volwassenen;2003 maart;142.6;146.1
169;Volwassenen;2003 april;142.8;146.4
170;Volwassenen;2003 mei;143.4;146.9
171;Particuliere bedrijven;1999 januari;124.8;126.3
172;Particuliere bedrijven;1999 februari;125.0;126.4
173;Particuliere bedrijven;1999 maart;125.1;126.6
174;Particuliere bedrijven;1999 april;125.3;126.8
175;Particuliere bedrijven;1999 mei;125.5;127.0
176;Particuliere bedrijven;1999 juni;125.8;127.3
177;Particuliere bedrijven;1999 juli;126.7;128.3
178;Particuliere bedrijven;1999 augustus;127.1;128.6
179;Particuliere bedrijven;1999 september;127.3;128.9
180;Particuliere bedrijven;1999 oktober;128.0;129.6
181;Particuliere bedrijven;1999 november;128.2;129.9
182;Particuliere bedrijven;1999 december;128.2;129.9
183;Particuliere bedrijven;1999 jaargemiddelde;126.9;128.5
184;Particuliere bedrijven;2000 januari;128.8;130.5
185;Particuliere bedrijven;2000 februari;129.0;130.7
186;Particuliere bedrijven;2000 maart;129.3;130.9
187;Particuliere bedrijven;2000 april;129.7;131.4
188;Particuliere bedrijven;2000 mei;129.8;131.5
189;Particuliere bedrijven;2000 juni;129.9;131.6
190;Particuliere bedrijven;2000 juli;130.9;132.6
191;Particuliere bedrijven;2000 augustus;131.1;132.9
192;Particuliere bedrijven;2000 september;131.7;133.4
193;Particuliere bedrijven;2000 oktober;132.1;133.8
194;Particuliere bedrijven;2000 november;132.1;133.9
195;Particuliere bedrijven;2000 december;132.2;134.0
196;Particuliere bedrijven;2000 jaargemiddelde;130.8;132.6
197;Particuliere bedrijven;2001 januari;133.0;134.8
198;Particuliere bedrijven;2001 februari;133.2;135.1
199;Particuliere bedrijven;2001 maart;133.3;135.2
200;Particuliere bedrijven;2001 april;134.9;136.8
201;Particuliere bedrijven;2001 mei;135.5;137.4
202;Particuliere bedrijven;2001 juni;136.1;138.0
203;Particuliere bedrijven;2001 juli;137.7;139.6
204;Particuliere bedrijven;2001 augustus;138.0;139.9
205;Particuliere bedrijven;2001 september;138.2;140.1
206;Particuliere bedrijven;2001 oktober;138.8;140.7
207;Particuliere bedrijven;2001 november;138.8;140.7
208;Particuliere bedrijven;2001 december;139.0;140.9
209;Particuliere bedrijven;2001 jaargemiddelde;137.2;139.2
210;Particuliere bedrijven;2002 januari;139.7;141.7
211;Particuliere bedrijven;2002 februari;139.8;141.8
212;Particuliere bedrijven;2002 maart;140.2;142.2
213;Particuliere bedrijven;2002 april;140.6;142.6
214;Particuliere bedrijven;2002 mei;140.8;142.8
215;Particuliere bedrijven;2002 juni;141.1;143.1
216;Particuliere bedrijven;2002 juli;142.3;144.3
217;Particuliere bedrijven;2002 augustus;142.5;144.5
218;Particuliere bedrijven;2002 september;142.9;144.9
219;Particuliere bedrijven;2002 oktober;143.4;145.4
220;Particuliere bedrijven;2002 november;143.3;145.3
221;Particuliere bedrijven;2002 december;143.3;145.3
222;Particuliere bedrijven;2002 jaargemiddelde;142.0;144.0
223;Particuliere bedrijven;2003 januari;144.3;146.3
224;Particuliere bedrijven;2003 februari;144.5;146.6
225;Particuliere bedrijven;2003 maart;144.6;146.6
226;Particuliere bedrijven;2003 april;145.0;147.0
227;Particuliere bedrijven;2003 mei;145.1;147.1
228;Overheid;1999 januari;118.5;123.3
229;Overheid;1999 februari;118.6;123.4
230;Overheid;1999 maart;119.9;124.8
231;Overheid;1999 april;120.0;124.8
232;Overheid;1999 mei;120.0;124.8
233;Overheid;1999 juni;120.3;125.2
234;Overheid;1999 juli;120.3;125.2
235;Overheid;1999 augustus;122.0;127.0
236;Overheid;1999 september;122.0;127.0
237;Overheid;1999 oktober;122.3;127.3
238;Overheid;1999 november;122.3;127.3
239;Overheid;1999 december;122.4;127.3
240;Overheid;1999 jaargemiddelde;121.4;126.3
241;Overheid;2000 januari;122.2;127.2
242;Overheid;2000 februari;122.3;127.5
243;Overheid;2000 maart;122.3;127.5
244;Overheid;2000 april;122.5;127.7
245;Overheid;2000 mei;122.3;127.5
246;Overheid;2000 juni;122.7;127.9
247;Overheid;2000 juli;124.3;129.6
248;Overheid;2000 augustus;124.7;130.0
249;Overheid;2000 september;125.5;130.8
250;Overheid;2000 oktober;125.5;130.8
251;Overheid;2000 november;125.9;131.3
252;Overheid;2000 december;126.1;131.4
253;Overheid;2000 jaargemiddelde;124.8;130.1
254;Overheid;2001 januari;126.7;132.1
255;Overheid;2001 februari;126.8;132.2
256;Overheid;2001 maart;128.2;133.7
257;Overheid;2001 april;128.4;133.9
258;Overheid;2001 mei;129.5;135.0
259;Overheid;2001 juni;129.8;135.3
260;Overheid;2001 juli;129.8;135.4
261;Overheid;2001 augustus;129.9;135.4
262;Overheid;2001 september;130.0;135.5
263;Overheid;2001 oktober;132.1;137.7
264;Overheid;2001 november;132.1;137.8
265;Overheid;2001 december;132.1;137.8
266;Overheid;2001 jaargemiddelde;130.5;136.1
267;Overheid;2002 januari;133.5;139.2
268;Overheid;2002 februari;133.5;139.2
269;Overheid;2002 maart;133.9;139.6
270;Overheid;2002 april;134.0;139.7
271;Overheid;2002 mei;135.3;141.1
272;Overheid;2002 juni;135.5;141.3
273;Overheid;2002 juli;136.7;142.5
274;Overheid;2002 augustus;136.7;142.5
275;Overheid;2002 september;136.7;142.6
276;Overheid;2002 oktober;136.9;142.7
277;Overheid;2002 november;137.4;143.3
278;Overheid;2002 december;137.9;143.8
279;Overheid;2002 jaargemiddelde;136.2;142.0
280;Overheid;2003 januari;138.2;144.1
281;Overheid;2003 februari;138.2;144.1
282;Overheid;2003 maart;138.6;144.5
283;Overheid;2003 april;138.6;144.5
284;Overheid;2003 mei;141.2;147.2
285;Gesubsidieerde sector;1999 januari;118.8;123.8
286;Gesubsidieerde sector;1999 februari;118.8;123.8
287;Gesubsidieerde sector;1999 maart;118.6;124.3
288;Gesubsidieerde sector;1999 april;118.7;124.5
289;Gesubsidieerde sector;1999 mei;118.8;124.5
290;Gesubsidieerde sector;1999 juni;118.8;124.5
291;Gesubsidieerde sector;1999 juli;119.1;124.8
292;Gesubsidieerde sector;1999 augustus;119.5;125.3
293;Gesubsidieerde sector;1999 september;121.2;127.1
294;Gesubsidieerde sector;1999 oktober;121.5;127.6
295;Gesubsidieerde sector;1999 november;122.1;128.2
296;Gesubsidieerde sector;1999 december;122.1;128.2
297;Gesubsidieerde sector;1999 jaargemiddelde;120.6;126.5
298;Gesubsidieerde sector;2000 januari;122.3;128.8
299;Gesubsidieerde sector;2000 februari;122.3;128.8
300;Gesubsidieerde sector;2000 maart;122.5;129.0
301;Gesubsidieerde sector;2000 april;122.6;129.1
302;Gesubsidieerde sector;2000 mei;122.8;129.3
303;Gesubsidieerde sector;2000 juni;124.1;130.6
304;Gesubsidieerde sector;2000 juli;124.7;131.3
305;Gesubsidieerde sector;2000 augustus;124.7;131.3
306;Gesubsidieerde sector;2000 september;124.7;131.3
307;Gesubsidieerde sector;2000 oktober;125.0;131.7
308;Gesubsidieerde sector;2000 november;125.0;131.7
309;Gesubsidieerde sector;2000 december;125.1;131.7
310;Gesubsidieerde sector;2000 jaargemiddelde;124.1;130.7
311;Gesubsidieerde sector;2001 januari;125.5;132.1
312;Gesubsidieerde sector;2001 februari;125.9;132.6
313;Gesubsidieerde sector;2001 maart;126.0;132.7
314;Gesubsidieerde sector;2001 april;126.9;133.6
315;Gesubsidieerde sector;2001 mei;127.0;133.7
316;Gesubsidieerde sector;2001 juni;130.1;136.9
317;Gesubsidieerde sector;2001 juli;132.4;139.4
318;Gesubsidieerde sector;2001 augustus;132.5;139.5
319;Gesubsidieerde sector;2001 september;132.5;139.5
320;Gesubsidieerde sector;2001 oktober;132.5;139.5
321;Gesubsidieerde sector;2001 november;132.5;139.5
322;Gesubsidieerde sector;2001 december;132.6;139.7
323;Gesubsidieerde sector;2001 jaargemiddelde;131.2;138.1
324;Gesubsidieerde sector;2002 januari;133.4;140.5
325;Gesubsidieerde sector;2002 februari;133.5;140.5
326;Gesubsidieerde sector;2002 maart;133.7;140.8
327;Gesubsidieerde sector;2002 april;134.0;141.0
328;Gesubsidieerde sector;2002 mei;134.7;141.8
329;Gesubsidieerde sector;2002 juni;134.9;142.0
330;Gesubsidieerde sector;2002 juli;136.9;144.1
331;Gesubsidieerde sector;2002 augustus;136.7;143.9
332;Gesubsidieerde sector;2002 september;137.9;145.2
333;Gesubsidieerde sector;2002 oktober;138.2;145.5
334;Gesubsidieerde sector;2002 november;138.2;145.5
335;Gesubsidieerde sector;2002 december;138.2;145.5
336;Gesubsidieerde sector;2002 jaargemiddelde;136.5;143.7
337;Gesubsidieerde sector;2003 januari;139.7;147.1
338;Gesubsidieerde sector;2003 februari;139.7;147.1
339;Gesubsidieerde sector;2003 maart;139.9;147.2
340;Gesubsidieerde sector;2003 april;139.9;147.3
341;Gesubsidieerde sector;2003 mei;139.9;147.3
342;01-93 Totaal sbi;1999 januari;122.9;125.4
343;01-93 Totaal sbi;1999 februari;123.0;125.5
344;01-93 Totaal sbi;1999 maart;123.3;125.9
345;01-93 Totaal sbi;1999 april;123.5;126.1
346;01-93 Totaal sbi;1999 mei;123.6;126.3
347;01-93 Totaal sbi;1999 juni;123.9;126.6
348;01-93 Totaal sbi;1999 juli;124.6;127.3
349;01-93 Totaal sbi;1999 augustus;125.2;127.9
350;01-93 Totaal sbi;1999 september;125.6;128.3
351;01-93 Totaal sbi;1999 oktober;126.1;128.9
352;01-93 Totaal sbi;1999 november;126.3;129.2
353;01-93 Totaal sbi;1999 december;126.3;129.2
354;01-93 Totaal sbi;1999 jaargemiddelde;125.0;127.8
355;01-93 Totaal sbi;2000 januari;126.8;129.6
356;01-93 Totaal sbi;2000 februari;126.9;129.9
357;01-93 Totaal sbi;2000 maart;127.1;130.0
358;01-93 Totaal sbi;2000 april;127.5;130.4
359;01-93 Totaal sbi;2000 mei;127.5;130.5
360;01-93 Totaal sbi;2000 juni;127.8;130.8
361;01-93 Totaal sbi;2000 juli;128.9;131.9
362;01-93 Totaal sbi;2000 augustus;129.1;132.1
363;01-93 Totaal sbi;2000 september;129.7;132.7
364;01-93 Totaal sbi;2000 oktober;129.9;133.0
365;01-93 Totaal sbi;2000 november;130.0;133.1
366;01-93 Totaal sbi;2000 december;130.1;133.2
367;01-93 Totaal sbi;2000 jaargemiddelde;128.9;131.9
368;01-93 Totaal sbi;2001 januari;130.9;134.0
369;01-93 Totaal sbi;2001 februari;131.1;134.2
370;01-93 Totaal sbi;2001 maart;131.5;134.6
371;01-93 Totaal sbi;2001 april;132.7;135.8
372;01-93 Totaal sbi;2001 mei;133.3;136.5
373;01-93 Totaal sbi;2001 juni;134.1;137.3
374;01-93 Totaal sbi;2001 juli;135.6;138.8
375;01-93 Totaal sbi;2001 augustus;135.8;139.0
376;01-93 Totaal sbi;2001 september;135.9;139.2
377;01-93 Totaal sbi;2001 oktober;136.7;140.0
378;01-93 Totaal sbi;2001 november;136.8;140.0
379;01-93 Totaal sbi;2001 december;136.9;140.2
380;01-93 Totaal sbi;2001 jaargemiddelde;135.2;138.4
381;01-93 Totaal sbi;2002 januari;137.8;141.1
382;01-93 Totaal sbi;2002 februari;137.8;141.1
383;01-93 Totaal sbi;2002 maart;138.2;141.5
384;01-93 Totaal sbi;2002 april;138.6;141.9
385;01-93 Totaal sbi;2002 mei;139.0;142.3
386;01-93 Totaal sbi;2002 juni;139.3;142.6
387;01-93 Totaal sbi;2002 juli;140.6;143.9
388;01-93 Totaal sbi;2002 augustus;140.7;144.1
389;01-93 Totaal sbi;2002 september;141.1;144.5
390;01-93 Totaal sbi;2002 oktober;141.5;144.9
391;01-93 Totaal sbi;2002 november;141.5;144.9
392;01-93 Totaal sbi;2002 december;141.6;145.0
393;01-93 Totaal sbi;2002 jaargemiddelde;140.2;143.6
394;01-93 Totaal sbi;2003 januari;142.6;146.0
395;01-93 Totaal sbi;2003 februari;142.7;146.2
396;01-93 Totaal sbi;2003 maart;142.9;146.3
397;01-93 Totaal sbi;2003 april;143.1;146.6
398;01-93 Totaal sbi;2003 mei;143.7;147.1
399;01-05 Landbouw en visserij;1999 januari;126.3;129.1
400;01-05 Landbouw en visserij;1999 februari;126.3;129.1
401;01-05 Landbouw en visserij;1999 maart;126.3;129.1
402;01-05 Landbouw en visserij;1999 april;126.3;129.1
403;01-05 Landbouw en visserij;1999 mei;126.3;128.8
404;01-05 Landbouw en visserij;1999 juni;126.3;129.1
405;01-05 Landbouw en visserij;1999 juli;127.9;130.7
406;01-05 Landbouw en visserij;1999 augustus;128.0;130.8
407;01-05 Landbouw en visserij;1999 september;128.0;130.8
408;01-05 Landbouw en visserij;1999 oktober;128.0;130.8
409;01-05 Landbouw en visserij;1999 november;128.7;131.5
410;01-05 Landbouw en visserij;1999 december;128.7;131.5
411;01-05 Landbouw en visserij;1999 jaargemiddelde;127.9;130.7
412;01-05 Landbouw en visserij;2000 januari;130.7;133.6
413;01-05 Landbouw en visserij;2000 februari;130.7;133.6
414;01-05 Landbouw en visserij;2000 maart;130.7;133.6
415;01-05 Landbouw en visserij;2000 april;130.7;133.6
416;01-05 Landbouw en visserij;2000 mei;130.7;133.6
417;01-05 Landbouw en visserij;2000 juni;130.7;133.6
418;01-05 Landbouw en visserij;2000 juli;134.3;137.3
419;01-05 Landbouw en visserij;2000 augustus;134.6;137.5
420;01-05 Landbouw en visserij;2000 september;134.6;137.6
421;01-05 Landbouw en visserij;2000 oktober;134.6;137.6
422;01-05 Landbouw en visserij;2000 november;134.6;137.6
423;01-05 Landbouw en visserij;2000 december;134.6;137.6
424;01-05 Landbouw en visserij;2000 jaargemiddelde;133.5;136.4
425;01-05 Landbouw en visserij;2001 januari;135.6;138.6
426;01-05 Landbouw en visserij;2001 februari;135.6;138.6
427;01-05 Landbouw en visserij;2001 maart;135.6;138.6
428;01-05 Landbouw en visserij;2001 april;135.6;138.6
429;01-05 Landbouw en visserij;2001 mei;136.9;139.9
430;01-05 Landbouw en visserij;2001 juni;136.9;139.9
431;01-05 Landbouw en visserij;2001 juli;138.1;141.2
432;01-05 Landbouw en visserij;2001 augustus;138.2;141.2
433;01-05 Landbouw en visserij;2001 september;138.2;141.3
434;01-05 Landbouw en visserij;2001 oktober;138.4;141.4
435;01-05 Landbouw en visserij;2001 november;138.5;141.5
436;01-05 Landbouw en visserij;2001 december;138.5;141.5
437;01-05 Landbouw en visserij;2001 jaargemiddelde;137.7;140.8
438;01-05 Landbouw en visserij;2002 januari;138.8;141.8
439;01-05 Landbouw en visserij;2002 februari;140.6;143.6
440;01-05 Landbouw en visserij;2002 maart;140.6;143.7
441;01-05 Landbouw en visserij;2002 april;140.6;143.7
442;01-05 Landbouw en visserij;2002 mei;142.2;145.4
443;01-05 Landbouw en visserij;2002 juni;142.2;145.4
444;01-05 Landbouw en visserij;2002 juli;144.9;148.1
445;01-05 Landbouw en visserij;2002 augustus;144.9;148.1
446;01-05 Landbouw en visserij;2002 september;144.9;148.1
447;01-05 Landbouw en visserij;2002 oktober;145.3;148.5
448;01-05 Landbouw en visserij;2002 november;145.3;148.5
449;01-05 Landbouw en visserij;2002 december;145.3;148.5
450;01-05 Landbouw en visserij;2002 jaargemiddelde;143.7;146.8
451;01-05 Landbouw en visserij;2003 januari;146.4;149.7
452;01-05 Landbouw en visserij;2003 februari;147.1;150.3
453;01-05 Landbouw en visserij;2003 maart;147.1;150.3
454;01-05 Landbouw en visserij;2003 april;147.2;150.5
455;01-05 Landbouw en visserij;2003 mei;147.2;150.5
456;10-45 Industrie en bouwnijverheid;1999 januari;125.6;126.8
457;10-45 Industrie en bouwnijverheid;1999 februari;125.7;126.8
458;10-45 Industrie en bouwnijverheid;1999 maart;125.9;127.1
459;10-45 Industrie en bouwnijverheid;1999 april;126.1;127.3
460;10-45 Industrie en bouwnijverheid;1999 mei;126.1;127.4
461;10-45 Industrie en bouwnijverheid;1999 juni;126.7;127.9
462;10-45 Industrie en bouwnijverheid;1999 juli;128.0;129.2
463;10-45 Industrie en bouwnijverheid;1999 augustus;128.7;130.0
464;10-45 Industrie en bouwnijverheid;1999 september;128.8;130.1
465;10-45 Industrie en bouwnijverheid;1999 oktober;129.2;130.5
466;10-45 Industrie en bouwnijverheid;1999 november;129.2;130.8
467;10-45 Industrie en bouwnijverheid;1999 december;129.2;130.9
468;10-45 Industrie en bouwnijverheid;1999 jaargemiddelde;127.9;129.5
469;10-45 Industrie en bouwnijverheid;2000 januari;129.8;131.4
470;10-45 Industrie en bouwnijverheid;2000 februari;130.2;131.7
471;10-45 Industrie en bouwnijverheid;2000 maart;130.4;131.9
472;10-45 Industrie en bouwnijverheid;2000 april;130.7;132.3
473;10-45 Industrie en bouwnijverheid;2000 mei;130.8;132.4
474;10-45 Industrie en bouwnijverheid;2000 juni;131.0;132.6
475;10-45 Industrie en bouwnijverheid;2000 juli;132.6;134.2
476;10-45 Industrie en bouwnijverheid;2000 augustus;132.7;134.3
477;10-45 Industrie en bouwnijverheid;2000 september;133.3;134.9
478;10-45 Industrie en bouwnijverheid;2000 oktober;133.2;134.9
479;10-45 Industrie en bouwnijverheid;2000 november;133.3;135.1
480;10-45 Industrie en bouwnijverheid;2000 december;133.4;135.3
481;10-45 Industrie en bouwnijverheid;2000 jaargemiddelde;132.0;133.8
482;10-45 Industrie en bouwnijverheid;2001 januari;133.7;135.6
483;10-45 Industrie en bouwnijverheid;2001 februari;134.0;135.9
484;10-45 Industrie en bouwnijverheid;2001 maart;134.1;136.0
485;10-45 Industrie en bouwnijverheid;2001 april;135.8;137.7
486;10-45 Industrie en bouwnijverheid;2001 mei;136.9;138.8
487;10-45 Industrie en bouwnijverheid;2001 juni;137.4;139.3
488;10-45 Industrie en bouwnijverheid;2001 juli;138.6;140.6
489;10-45 Industrie en bouwnijverheid;2001 augustus;138.7;140.7
490;10-45 Industrie en bouwnijverheid;2001 september;138.8;140.8
491;10-45 Industrie en bouwnijverheid;2001 oktober;139.7;141.7
492;10-45 Industrie en bouwnijverheid;2001 november;139.7;141.7
493;10-45 Industrie en bouwnijverheid;2001 december;139.7;141.7
494;10-45 Industrie en bouwnijverheid;2001 jaargemiddelde;137.8;139.7
495;10-45 Industrie en bouwnijverheid;2002 januari;140.3;142.3
496;10-45 Industrie en bouwnijverheid;2002 februari;140.4;142.4
497;10-45 Industrie en bouwnijverheid;2002 maart;141.1;143.2
498;10-45 Industrie en bouwnijverheid;2002 april;141.7;143.8
499;10-45 Industrie en bouwnijverheid;2002 mei;142.0;144.1
500;10-45 Industrie en bouwnijverheid;2002 juni;142.2;144.3
501;10-45 Industrie en bouwnijverheid;2002 juli;143.8;145.9
502;10-45 Industrie en bouwnijverheid;2002 augustus;144.0;146.1
503;10-45 Industrie en bouwnijverheid;2002 september;144.4;146.5
504;10-45 Industrie en bouwnijverheid;2002 oktober;144.5;146.6
505;10-45 Industrie en bouwnijverheid;2002 november;144.3;146.4
506;10-45 Industrie en bouwnijverheid;2002 december;144.1;146.2
507;10-45 Industrie en bouwnijverheid;2002 jaargemiddelde;143.2;145.2
508;10-45 Industrie en bouwnijverheid;2003 januari;145.4;147.5
509;10-45 Industrie en bouwnijverheid;2003 februari;145.5;147.6
510;10-45 Industrie en bouwnijverheid;2003 maart;145.6;147.7
511;10-45 Industrie en bouwnijverheid;2003 april;146.3;148.5
512;10-45 Industrie en bouwnijverheid;2003 mei;146.5;148.6
513;10-14 Delfstoffenwinning;1999 januari;;
514;10-14 Delfstoffenwinning;1999 februari;;
515;10-14 Delfstoffenwinning;1999 maart;;
516;10-14 Delfstoffenwinning;1999 april;;
517;10-14 Delfstoffenwinning;1999 mei;;
518;10-14 Delfstoffenwinning;1999 juni;;
519;10-14 Delfstoffenwinning;1999 juli;;
520;10-14 Delfstoffenwinning;1999 augustus;;
521;10-14 Delfstoffenwinning;1999 september;;
522;10-14 Delfstoffenwinning;1999 oktober;;
523;10-14 Delfstoffenwinning;1999 november;;
524;10-14 Delfstoffenwinning;1999 december;;
525;10-14 Delfstoffenwinning;1999 jaargemiddelde;;
526;10-14 Delfstoffenwinning;2000 januari;;
527;10-14 Delfstoffenwinning;2000 februari;;
528;10-14 Delfstoffenwinning;2000 maart;;
529;10-14 Delfstoffenwinning;2000 april;;
530;10-14 Delfstoffenwinning;2000 mei;;
531;10-14 Delfstoffenwinning;2000 juni;;
532;10-14 Delfstoffenwinning;2000 juli;;
533;10-14 Delfstoffenwinning;2000 augustus;;
534;10-14 Delfstoffenwinning;2000 september;;
535;10-14 Delfstoffenwinning;2000 oktober;;
536;10-14 Delfstoffenwinning;2000 november;;
537;10-14 Delfstoffenwinning;2000 december;;
538;10-14 Delfstoffenwinning;2000 jaargemiddelde;;
539;10-14 Delfstoffenwinning;2001 januari;;
540;10-14 Delfstoffenwinning;2001 februari;;
541;10-14 Delfstoffenwinning;2001 maart;;
542;10-14 Delfstoffenwinning;2001 april;;
543;10-14 Delfstoffenwinning;2001 mei;;
544;10-14 Delfstoffenwinning;2001 juni;;
545;10-14 Delfstoffenwinning;2001 juli;;
546;10-14 Delfstoffenwinning;2001 augustus;;
547;10-14 Delfstoffenwinning;2001 september;;
548;10-14 Delfstoffenwinning;2001 oktober;;
549;10-14 Delfstoffenwinning;2001 november;;
550;10-14 Delfstoffenwinning;2001 december;;
551;10-14 Delfstoffenwinning;2001 jaargemiddelde;;
552;10-14 Delfstoffenwinning;2002 januari;;
553;10-14 Delfstoffenwinning;2002 februari;;
554;10-14 Delfstoffenwinning;2002 maart;;
555;10-14 Delfstoffenwinning;2002 april;;
556;10-14 Delfstoffenwinning;2002 mei;;
557;10-14 Delfstoffenwinning;2002 juni;;
558;10-14 Delfstoffenwinning;2002 juli;;
559;10-14 Delfstoffenwinning;2002 augustus;;
560;10-14 Delfstoffenwinning;2002 september;;
561;10-14 Delfstoffenwinning;2002 oktober;;
562;10-14 Delfstoffenwinning;2002 november;;
563;10-14 Delfstoffenwinning;2002 december;;
564;10-14 Delfstoffenwinning;2002 jaargemiddelde;;
565;10-14 Delfstoffenwinning;2003 januari;;
566;10-14 Delfstoffenwinning;2003 februari;;
567;10-14 Delfstoffenwinning;2003 maart;;
568;10-14 Delfstoffenwinning;2003 april;;
569;10-14 Delfstoffenwinning;2003 mei;;
570;15-37 Industrie;1999 januari;125.1;126.1
571;15-37 Industrie;1999 februari;125.1;126.1
572;15-37 Industrie;1999 maart;125.4;126.4
573;15-37 Industrie;1999 april;125.6;126.7
574;15-37 Industrie;1999 mei;125.8;126.8
575;15-37 Industrie;1999 juni;125.9;126.9
576;15-37 Industrie;1999 juli;126.9;128.0
577;15-37 Industrie;1999 augustus;127.9;129.0
578;15-37 Industrie;1999 september;128.0;129.1
579;15-37 Industrie;1999 oktober;128.4;129.5
580;15-37 Industrie;1999 november;128.4;129.5
581;15-37 Industrie;1999 december;128.5;129.6
582;15-37 Industrie;1999 jaargemiddelde;127.2;128.2
583;15-37 Industrie;2000 januari;129.0;130.1
584;15-37 Industrie;2000 februari;129.4;130.5
585;15-37 Industrie;2000 maart;129.7;130.8
586;15-37 Industrie;2000 april;130.2;131.3
587;15-37 Industrie;2000 mei;130.4;131.4
588;15-37 Industrie;2000 juni;130.5;131.6
589;15-37 Industrie;2000 juli;131.9;133.0
590;15-37 Industrie;2000 augustus;132.0;133.1
591;15-37 Industrie;2000 september;132.9;134.0
592;15-37 Industrie;2000 oktober;133.0;134.1
593;15-37 Industrie;2000 november;133.0;134.4
594;15-37 Industrie;2000 december;133.1;134.6
595;15-37 Industrie;2000 jaargemiddelde;131.5;132.8
596;15-37 Industrie;2001 januari;133.3;134.8
597;15-37 Industrie;2001 februari;133.8;135.3
598;15-37 Industrie;2001 maart;133.9;135.4
599;15-37 Industrie;2001 april;134.8;136.3
600;15-37 Industrie;2001 mei;135.6;137.1
601;15-37 Industrie;2001 juni;136.3;137.8
602;15-37 Industrie;2001 juli;137.2;138.7
603;15-37 Industrie;2001 augustus;137.3;138.8
604;15-37 Industrie;2001 september;137.4;139.0
605;15-37 Industrie;2001 oktober;138.8;140.3
606;15-37 Industrie;2001 november;138.8;140.3
607;15-37 Industrie;2001 december;138.8;140.4
608;15-37 Industrie;2001 jaargemiddelde;136.9;138.5
609;15-37 Industrie;2002 januari;139.4;141.0
610;15-37 Industrie;2002 februari;139.5;141.1
611;15-37 Industrie;2002 maart;140.1;141.7
612;15-37 Industrie;2002 april;140.9;142.5
613;15-37 Industrie;2002 mei;141.1;142.8
614;15-37 Industrie;2002 juni;141.3;143.0
615;15-37 Industrie;2002 juli;142.3;144.0
616;15-37 Industrie;2002 augustus;142.5;144.2
617;15-37 Industrie;2002 september;143.1;144.8
618;15-37 Industrie;2002 oktober;143.3;145.0
619;15-37 Industrie;2002 november;143.1;144.8
620;15-37 Industrie;2002 december;142.9;144.5
621;15-37 Industrie;2002 jaargemiddelde;142.0;143.7
622;15-37 Industrie;2003 januari;144.2;145.9
623;15-37 Industrie;2003 februari;144.3;146.0
624;15-37 Industrie;2003 maart;144.4;146.1
625;15-37 Industrie;2003 april;145.0;146.7
626;15-37 Industrie;2003 mei;145.1;146.8
627;15-16 Voedings-/genotmiddelenind.;1999 januari;127.1;127.0
628;15-16 Voedings-/genotmiddelenind.;1999 februari;127.1;127.0
629;15-16 Voedings-/genotmiddelenind.;1999 maart;127.1;127.0
630;15-16 Voedings-/genotmiddelenind.;1999 april;127.4;127.4
631;15-16 Voedings-/genotmiddelenind.;1999 mei;127.5;127.4
632;15-16 Voedings-/genotmiddelenind.;1999 juni;127.6;127.6
633;15-16 Voedings-/genotmiddelenind.;1999 juli;129.2;129.2
634;15-16 Voedings-/genotmiddelenind.;1999 augustus;129.8;129.7
635;15-16 Voedings-/genotmiddelenind.;1999 september;129.8;129.8
636;15-16 Voedings-/genotmiddelenind.;1999 oktober;129.8;129.8
637;15-16 Voedings-/genotmiddelenind.;1999 november;129.9;129.8
638;15-16 Voedings-/genotmiddelenind.;1999 december;130.3;130.3
639;15-16 Voedings-/genotmiddelenind.;1999 jaargemiddelde;129.0;128.9
640;15-16 Voedings-/genotmiddelenind.;2000 januari;131.2;131.1
641;15-16 Voedings-/genotmiddelenind.;2000 februari;131.2;131.1
642;15-16 Voedings-/genotmiddelenind.;2000 maart;131.2;131.1
643;15-16 Voedings-/genotmiddelenind.;2000 april;131.4;131.3
644;15-16 Voedings-/genotmiddelenind.;2000 mei;131.8;131.7
645;15-16 Voedings-/genotmiddelenind.;2000 juni;132.5;132.4
646;15-16 Voedings-/genotmiddelenind.;2000 juli;133.5;133.4
647;15-16 Voedings-/genotmiddelenind.;2000 augustus;133.6;133.6
648;15-16 Voedings-/genotmiddelenind.;2000 september;133.9;133.8
649;15-16 Voedings-/genotmiddelenind.;2000 oktober;134.0;134.0
650;15-16 Voedings-/genotmiddelenind.;2000 november;134.0;134.0
651;15-16 Voedings-/genotmiddelenind.;2000 december;134.1;134.0
652;15-16 Voedings-/genotmiddelenind.;2000 jaargemiddelde;133.1;133.0
653;15-16 Voedings-/genotmiddelenind.;2001 januari;134.6;134.5
654;15-16 Voedings-/genotmiddelenind.;2001 februari;134.6;134.5
655;15-16 Voedings-/genotmiddelenind.;2001 maart;135.5;135.5
656;15-16 Voedings-/genotmiddelenind.;2001 april;136.5;136.5
657;15-16 Voedings-/genotmiddelenind.;2001 mei;137.1;137.1
658;15-16 Voedings-/genotmiddelenind.;2001 juni;137.5;137.4
659;15-16 Voedings-/genotmiddelenind.;2001 juli;138.3;138.2
660;15-16 Voedings-/genotmiddelenind.;2001 augustus;138.6;138.6
661;15-16 Voedings-/genotmiddelenind.;2001 september;139.0;139.0
662;15-16 Voedings-/genotmiddelenind.;2001 oktober;139.7;139.6
663;15-16 Voedings-/genotmiddelenind.;2001 november;139.7;139.6
664;15-16 Voedings-/genotmiddelenind.;2001 december;139.7;139.7
665;15-16 Voedings-/genotmiddelenind.;2001 jaargemiddelde;138.4;138.4
666;15-16 Voedings-/genotmiddelenind.;2002 januari;140.7;140.7
667;15-16 Voedings-/genotmiddelenind.;2002 februari;141.0;141.2
668;15-16 Voedings-/genotmiddelenind.;2002 maart;141.0;141.2
669;15-16 Voedings-/genotmiddelenind.;2002 april;141.9;142.1
670;15-16 Voedings-/genotmiddelenind.;2002 mei;142.1;142.2
671;15-16 Voedings-/genotmiddelenind.;2002 juni;142.8;142.9
672;15-16 Voedings-/genotmiddelenind.;2002 juli;144.4;144.5
673;15-16 Voedings-/genotmiddelenind.;2002 augustus;144.3;144.4
674;15-16 Voedings-/genotmiddelenind.;2002 september;144.7;144.8
675;15-16 Voedings-/genotmiddelenind.;2002 oktober;145.0;145.1
676;15-16 Voedings-/genotmiddelenind.;2002 november;145.0;145.1
677;15-16 Voedings-/genotmiddelenind.;2002 december;145.1;145.2
678;15-16 Voedings-/genotmiddelenind.;2002 jaargemiddelde;143.4;143.5
679;15-16 Voedings-/genotmiddelenind.;2003 januari;145.8;146.0
680;15-16 Voedings-/genotmiddelenind.;2003 februari;146.0;146.2
681;15-16 Voedings-/genotmiddelenind.;2003 maart;146.2;146.3
682;15-16 Voedings-/genotmiddelenind.;2003 april;146.8;147.0
683;15-16 Voedings-/genotmiddelenind.;2003 mei;147.2;147.3
684;22 Grafische industrie;1999 januari;123.8;123.1
685;22 Grafische industrie;1999 februari;123.8;123.1
686;22 Grafische industrie;1999 maart;126.3;126.2
687;22 Grafische industrie;1999 april;126.7;126.7
688;22 Grafische industrie;1999 mei;126.7;126.7
689;22 Grafische industrie;1999 juni;126.7;126.7
690;22 Grafische industrie;1999 juli;127.6;127.5
691;22 Grafische industrie;1999 augustus;127.6;127.5
692;22 Grafische industrie;1999 september;127.6;127.5
693;22 Grafische industrie;1999 oktober;127.6;127.5
694;22 Grafische industrie;1999 november;127.6;127.5
695;22 Grafische industrie;1999 december;127.8;127.8
696;22 Grafische industrie;1999 jaargemiddelde;126.7;126.6
697;22 Grafische industrie;2000 januari;128.5;128.5
698;22 Grafische industrie;2000 februari;131.1;131.0
699;22 Grafische industrie;2000 maart;131.1;131.0
700;22 Grafische industrie;2000 april;131.1;131.0
701;22 Grafische industrie;2000 mei;131.1;131.0
702;22 Grafische industrie;2000 juni;131.1;131.0
703;22 Grafische industrie;2000 juli;131.2;131.1
704;22 Grafische industrie;2000 augustus;131.2;131.1
705;22 Grafische industrie;2000 september;132.1;132.1
706;22 Grafische industrie;2000 oktober;132.1;132.1
707;22 Grafische industrie;2000 november;132.2;132.1
708;22 Grafische industrie;2000 december;133.1;133.0
709;22 Grafische industrie;2000 jaargemiddelde;131.7;131.7
710;22 Grafische industrie;2001 januari;133.6;133.5
711;22 Grafische industrie;2001 februari;135.4;135.3
712;22 Grafische industrie;2001 maart;135.4;135.3
713;22 Grafische industrie;2001 april;136.4;136.3
714;22 Grafische industrie;2001 mei;136.4;136.3
715;22 Grafische industrie;2001 juni;136.4;136.3
716;22 Grafische industrie;2001 juli;136.4;136.3
717;22 Grafische industrie;2001 augustus;136.4;136.3
718;22 Grafische industrie;2001 september;136.4;136.3
719;22 Grafische industrie;2001 oktober;138.3;138.2
720;22 Grafische industrie;2001 november;138.5;138.4
721;22 Grafische industrie;2001 december;138.5;138.4
722;22 Grafische industrie;2001 jaargemiddelde;136.6;136.6
723;22 Grafische industrie;2002 januari;138.6;138.5
724;22 Grafische industrie;2002 februari;138.6;138.5
725;22 Grafische industrie;2002 maart;140.5;140.5
726;22 Grafische industrie;2002 april;141.1;141.1
727;22 Grafische industrie;2002 mei;141.1;141.0
728;22 Grafische industrie;2002 juni;141.1;141.0
729;22 Grafische industrie;2002 juli;141.2;141.1
730;22 Grafische industrie;2002 augustus;141.2;141.2
731;22 Grafische industrie;2002 september;141.6;141.5
732;22 Grafische industrie;2002 oktober;142.5;142.4
733;22 Grafische industrie;2002 november;142.5;142.4
734;22 Grafische industrie;2002 december;142.5;142.4
735;22 Grafische industrie;2002 jaargemiddelde;141.4;141.4
736;22 Grafische industrie;2003 januari;142.5;142.5
737;22 Grafische industrie;2003 februari;142.5;142.5
738;22 Grafische industrie;2003 maart;142.5;142.5
739;22 Grafische industrie;2003 april;143.4;143.3
740;22 Grafische industrie;2003 mei;143.4;143.3
741;24 Chemische industrie;1999 januari;124.8;128.3
742;24 Chemische industrie;1999 februari;124.9;128.4
743;24 Chemische industrie;1999 maart;124.9;128.4
744;24 Chemische industrie;1999 april;126.0;129.6
745;24 Chemische industrie;1999 mei;126.1;129.7
746;24 Chemische industrie;1999 juni;126.1;129.7
747;24 Chemische industrie;1999 juli;126.1;129.7
748;24 Chemische industrie;1999 augustus;126.9;130.4
749;24 Chemische industrie;1999 september;126.9;130.4
750;24 Chemische industrie;1999 oktober;128.1;131.7
751;24 Chemische industrie;1999 november;128.1;131.7
752;24 Chemische industrie;1999 december;128.1;131.7
753;24 Chemische industrie;1999 jaargemiddelde;127.3;130.9
754;24 Chemische industrie;2000 januari;128.1;131.7
755;24 Chemische industrie;2000 februari;129.6;133.2
756;24 Chemische industrie;2000 maart;129.6;133.2
757;24 Chemische industrie;2000 april;130.8;134.5
758;24 Chemische industrie;2000 mei;131.0;134.7
759;24 Chemische industrie;2000 juni;131.0;134.7
760;24 Chemische industrie;2000 juli;131.6;135.3
761;24 Chemische industrie;2000 augustus;131.7;135.4
762;24 Chemische industrie;2000 september;131.8;135.5
763;24 Chemische industrie;2000 oktober;131.8;135.5
764;24 Chemische industrie;2000 november;131.8;135.5
765;24 Chemische industrie;2000 december;131.8;135.5
766;24 Chemische industrie;2000 jaargemiddelde;131.2;134.9
767;24 Chemische industrie;2001 januari;131.6;135.3
768;24 Chemische industrie;2001 februari;131.7;135.4
769;24 Chemische industrie;2001 maart;131.7;135.4
770;24 Chemische industrie;2001 april;133.2;137.0
771;24 Chemische industrie;2001 mei;133.3;137.1
772;24 Chemische industrie;2001 juni;137.4;141.2
773;24 Chemische industrie;2001 juli;137.8;141.7
774;24 Chemische industrie;2001 augustus;137.9;141.8
775;24 Chemische industrie;2001 september;138.1;142.0
776;24 Chemische industrie;2001 oktober;139.0;142.9
777;24 Chemische industrie;2001 november;139.0;142.9
778;24 Chemische industrie;2001 december;139.1;143.0
779;24 Chemische industrie;2001 jaargemiddelde;137.5;141.4
780;24 Chemische industrie;2002 januari;140.4;144.6
781;24 Chemische industrie;2002 februari;140.3;144.6
782;24 Chemische industrie;2002 maart;140.3;144.6
783;24 Chemische industrie;2002 april;144.5;148.9
784;24 Chemische industrie;2002 mei;144.6;149.0
785;24 Chemische industrie;2002 juni;144.7;149.1
786;24 Chemische industrie;2002 juli;144.7;149.1
787;24 Chemische industrie;2002 augustus;144.8;149.2
788;24 Chemische industrie;2002 september;145.4;149.8
789;24 Chemische industrie;2002 oktober;145.5;149.9
790;24 Chemische industrie;2002 november;145.6;150.0
791;24 Chemische industrie;2002 december;145.6;150.0
792;24 Chemische industrie;2002 jaargemiddelde;144.3;148.7
793;24 Chemische industrie;2003 januari;145.7;150.1
794;24 Chemische industrie;2003 februari;145.7;150.1
795;24 Chemische industrie;2003 maart;145.8;150.2
796;24 Chemische industrie;2003 april;146.8;151.3
797;24 Chemische industrie;2003 mei;147.2;151.7
798;27-35 Metaal/elektrotechnische ind.;1999 januari;124.9;125.1
799;27-35 Metaal/elektrotechnische ind.;1999 februari;124.9;125.1
800;27-35 Metaal/elektrotechnische ind.;1999 maart;124.9;125.1
801;27-35 Metaal/elektrotechnische ind.;1999 april;124.9;125.1
802;27-35 Metaal/elektrotechnische ind.;1999 mei;124.9;125.1
803;27-35 Metaal/elektrotechnische ind.;1999 juni;125.0;125.2
804;27-35 Metaal/elektrotechnische ind.;1999 juli;126.3;126.6
805;27-35 Metaal/elektrotechnische ind.;1999 augustus;128.0;128.2
806;27-35 Metaal/elektrotechnische ind.;1999 september;128.0;128.2
807;27-35 Metaal/elektrotechnische ind.;1999 oktober;128.2;128.4
808;27-35 Metaal/elektrotechnische ind.;1999 november;128.2;128.4
809;27-35 Metaal/elektrotechnische ind.;1999 december;128.2;128.5
810;27-35 Metaal/elektrotechnische ind.;1999 jaargemiddelde;126.7;126.9
811;27-35 Metaal/elektrotechnische ind.;2000 januari;128.7;128.9
812;27-35 Metaal/elektrotechnische ind.;2000 februari;128.7;128.9
813;27-35 Metaal/elektrotechnische ind.;2000 maart;129.5;129.7
814;27-35 Metaal/elektrotechnische ind.;2000 april;129.9;130.1
815;27-35 Metaal/elektrotechnische ind.;2000 mei;129.9;130.1
816;27-35 Metaal/elektrotechnische ind.;2000 juni;129.9;130.2
817;27-35 Metaal/elektrotechnische ind.;2000 juli;131.7;132.0
818;27-35 Metaal/elektrotechnische ind.;2000 augustus;131.8;132.0
819;27-35 Metaal/elektrotechnische ind.;2000 september;133.8;134.1
820;27-35 Metaal/elektrotechnische ind.;2000 oktober;133.8;134.1
821;27-35 Metaal/elektrotechnische ind.;2000 november;133.9;135.0
822;27-35 Metaal/elektrotechnische ind.;2000 december;133.9;135.0
823;27-35 Metaal/elektrotechnische ind.;2000 jaargemiddelde;131.3;132.2
824;27-35 Metaal/elektrotechnische ind.;2001 januari;133.9;135.1
825;27-35 Metaal/elektrotechnische ind.;2001 februari;133.9;135.1
826;27-35 Metaal/elektrotechnische ind.;2001 maart;133.9;135.1
827;27-35 Metaal/elektrotechnische ind.;2001 april;134.9;136.1
828;27-35 Metaal/elektrotechnische ind.;2001 mei;136.4;137.6
829;27-35 Metaal/elektrotechnische ind.;2001 juni;136.4;137.6
830;27-35 Metaal/elektrotechnische ind.;2001 juli;137.0;138.3
831;27-35 Metaal/elektrotechnische ind.;2001 augustus;137.0;138.3
832;27-35 Metaal/elektrotechnische ind.;2001 september;137.0;138.3
833;27-35 Metaal/elektrotechnische ind.;2001 oktober;139.1;140.4
834;27-35 Metaal/elektrotechnische ind.;2001 november;139.1;140.3
835;27-35 Metaal/elektrotechnische ind.;2001 december;139.1;140.3
836;27-35 Metaal/elektrotechnische ind.;2001 jaargemiddelde;136.7;138.0
837;27-35 Metaal/elektrotechnische ind.;2002 januari;139.2;140.4
838;27-35 Metaal/elektrotechnische ind.;2002 februari;139.3;140.5
839;27-35 Metaal/elektrotechnische ind.;2002 maart;140.2;141.5
840;27-35 Metaal/elektrotechnische ind.;2002 april;140.2;141.5
841;27-35 Metaal/elektrotechnische ind.;2002 mei;140.4;141.6
842;27-35 Metaal/elektrotechnische ind.;2002 juni;140.4;141.6
843;27-35 Metaal/elektrotechnische ind.;2002 juli;141.0;142.3
844;27-35 Metaal/elektrotechnische ind.;2002 augustus;141.3;142.6
845;27-35 Metaal/elektrotechnische ind.;2002 september;142.1;143.4
846;27-35 Metaal/elektrotechnische ind.;2002 oktober;142.1;143.4
847;27-35 Metaal/elektrotechnische ind.;2002 november;141.7;143.0
848;27-35 Metaal/elektrotechnische ind.;2002 december;141.0;142.3
849;27-35 Metaal/elektrotechnische ind.;2002 jaargemiddelde;141.3;142.6
850;27-35 Metaal/elektrotechnische ind.;2003 januari;143.5;144.9
851;27-35 Metaal/elektrotechnische ind.;2003 februari;143.7;145.0
852;27-35 Metaal/elektrotechnische ind.;2003 maart;143.7;145.0
853;27-35 Metaal/elektrotechnische ind.;2003 april;144.2;145.5
854;27-35 Metaal/elektrotechnische ind.;2003 mei;144.2;145.6
855;40-41 Energie- en waterleidingbedrijf;1999 januari;120.1;122.1
856;40-41 Energie- en waterleidingbedrijf;1999 februari;121.6;123.7
857;40-41 Energie- en waterleidingbedrijf;1999 maart;121.6;123.7
858;40-41 Energie- en waterleidingbedrijf;1999 april;121.6;123.7
859;40-41 Energie- en waterleidingbedrijf;1999 mei;121.6;123.7
860;40-41 Energie- en waterleidingbedrijf;1999 juni;122.1;124.2
861;40-41 Energie- en waterleidingbedrijf;1999 juli;122.1;124.2
862;40-41 Energie- en waterleidingbedrijf;1999 augustus;123.7;125.8
863;40-41 Energie- en waterleidingbedrijf;1999 september;123.7;125.8
864;40-41 Energie- en waterleidingbedrijf;1999 oktober;124.2;126.3
865;40-41 Energie- en waterleidingbedrijf;1999 november;124.2;126.3
866;40-41 Energie- en waterleidingbedrijf;1999 december;124.2;126.3
867;40-41 Energie- en waterleidingbedrijf;1999 jaargemiddelde;123.5;125.6
868;40-41 Energie- en waterleidingbedrijf;2000 januari;124.2;126.3
869;40-41 Energie- en waterleidingbedrijf;2000 februari;124.2;126.5
870;40-41 Energie- en waterleidingbedrijf;2000 maart;124.2;126.5
871;40-41 Energie- en waterleidingbedrijf;2000 april;124.8;127.2
872;40-41 Energie- en waterleidingbedrijf;2000 mei;124.6;126.9
873;40-41 Energie- en waterleidingbedrijf;2000 juni;126.4;128.8
874;40-41 Energie- en waterleidingbedrijf;2000 juli;126.4;128.8
875;40-41 Energie- en waterleidingbedrijf;2000 augustus;127.2;129.5
876;40-41 Energie- en waterleidingbedrijf;2000 september;127.2;129.5
877;40-41 Energie- en waterleidingbedrijf;2000 oktober;127.2;129.5
878;40-41 Energie- en waterleidingbedrijf;2000 november;127.9;130.3
879;40-41 Energie- en waterleidingbedrijf;2000 december;127.9;130.3
880;40-41 Energie- en waterleidingbedrijf;2000 jaargemiddelde;126.8;129.2
881;40-41 Energie- en waterleidingbedrijf;2001 januari;128.5;130.9
882;40-41 Energie- en waterleidingbedrijf;2001 februari;129.1;131.5
883;40-41 Energie- en waterleidingbedrijf;2001 maart;129.1;131.5
884;40-41 Energie- en waterleidingbedrijf;2001 april;130.0;132.5
885;40-41 Energie- en waterleidingbedrijf;2001 mei;131.7;134.2
886;40-41 Energie- en waterleidingbedrijf;2001 juni;131.7;134.2
887;40-41 Energie- en waterleidingbedrijf;2001 juli;132.7;135.2
888;40-41 Energie- en waterleidingbedrijf;2001 augustus;132.7;135.2
889;40-41 Energie- en waterleidingbedrijf;2001 september;132.7;135.2
890;40-41 Energie- en waterleidingbedrijf;2001 oktober;132.7;135.2
891;40-41 Energie- en waterleidingbedrijf;2001 november;132.7;135.2
892;40-41 Energie- en waterleidingbedrijf;2001 december;132.7;135.2
893;40-41 Energie- en waterleidingbedrijf;2001 jaargemiddelde;131.7;134.2
894;40-41 Energie- en waterleidingbedrijf;2002 januari;133.9;136.4
895;40-41 Energie- en waterleidingbedrijf;2002 februari;133.9;136.4
896;40-41 Energie- en waterleidingbedrijf;2002 maart;133.9;136.4
897;40-41 Energie- en waterleidingbedrijf;2002 april;135.0;137.5
898;40-41 Energie- en waterleidingbedrijf;2002 mei;138.2;140.8
899;40-41 Energie- en waterleidingbedrijf;2002 juni;139.2;141.8
900;40-41 Energie- en waterleidingbedrijf;2002 juli;139.2;141.8
901;40-41 Energie- en waterleidingbedrijf;2002 augustus;139.2;141.8
902;40-41 Energie- en waterleidingbedrijf;2002 september;139.2;141.8
903;40-41 Energie- en waterleidingbedrijf;2002 oktober;139.4;142.0
904;40-41 Energie- en waterleidingbedrijf;2002 november;139.4;142.0
905;40-41 Energie- en waterleidingbedrijf;2002 december;139.4;142.0
906;40-41 Energie- en waterleidingbedrijf;2002 jaargemiddelde;138.4;141.0
907;40-41 Energie- en waterleidingbedrijf;2003 januari;139.5;142.2
908;40-41 Energie- en waterleidingbedrijf;2003 februari;139.5;142.2
909;40-41 Energie- en waterleidingbedrijf;2003 maart;139.5;142.2
910;40-41 Energie- en waterleidingbedrijf;2003 april;141.1;143.7
911;40-41 Energie- en waterleidingbedrijf;2003 mei;142.8;145.5
912;45 Bouwnijverheid;1999 januari;127.6;129.3
913;45 Bouwnijverheid;1999 februari;127.6;129.3
914;45 Bouwnijverheid;1999 maart;127.6;129.3
915;45 Bouwnijverheid;1999 april;127.6;129.3
916;45 Bouwnijverheid;1999 mei;127.6;129.3
917;45 Bouwnijverheid;1999 juni;129.4;131.1
918;45 Bouwnijverheid;1999 juli;131.4;133.2
919;45 Bouwnijverheid;1999 augustus;131.4;133.2
920;45 Bouwnijverheid;1999 september;131.7;133.4
921;45 Bouwnijverheid;1999 oktober;131.8;133.7
922;45 Bouwnijverheid;1999 november;131.8;134.9
923;45 Bouwnijverheid;1999 december;131.8;134.9
924;45 Bouwnijverheid;1999 jaargemiddelde;130.3;133.4
925;45 Bouwnijverheid;2000 januari;132.6;135.4
926;45 Bouwnijverheid;2000 februari;132.8;135.7
927;45 Bouwnijverheid;2000 maart;132.8;135.7
928;45 Bouwnijverheid;2000 april;132.8;135.7
929;45 Bouwnijverheid;2000 mei;132.8;135.7
930;45 Bouwnijverheid;2000 juni;132.9;135.7
931;45 Bouwnijverheid;2000 juli;135.2;138.1
932;45 Bouwnijverheid;2000 augustus;135.2;138.1
933;45 Bouwnijverheid;2000 september;135.2;138.1
934;45 Bouwnijverheid;2000 oktober;134.8;137.7
935;45 Bouwnijverheid;2000 november;134.8;137.7
936;45 Bouwnijverheid;2000 december;134.8;137.7
937;45 Bouwnijverheid;2000 jaargemiddelde;134.0;136.8
938;45 Bouwnijverheid;2001 januari;135.2;138.2
939;45 Bouwnijverheid;2001 februari;135.2;138.2
940;45 Bouwnijverheid;2001 maart;135.2;138.2
941;45 Bouwnijverheid;2001 april;139.1;142.1
942;45 Bouwnijverheid;2001 mei;140.8;143.9
943;45 Bouwnijverheid;2001 juni;140.8;143.9
944;45 Bouwnijverheid;2001 juli;143.1;146.2
945;45 Bouwnijverheid;2001 augustus;143.1;146.2
946;45 Bouwnijverheid;2001 september;143.1;146.2
947;45 Bouwnijverheid;2001 oktober;143.1;146.2
948;45 Bouwnijverheid;2001 november;143.1;146.2
949;45 Bouwnijverheid;2001 december;143.1;146.2
950;45 Bouwnijverheid;2001 jaargemiddelde;140.7;143.8
951;45 Bouwnijverheid;2002 januari;143.6;146.7
952;45 Bouwnijverheid;2002 februari;143.6;146.7
953;45 Bouwnijverheid;2002 maart;144.9;148.0
954;45 Bouwnijverheid;2002 april;144.9;148.0
955;45 Bouwnijverheid;2002 mei;144.9;148.0
956;45 Bouwnijverheid;2002 juni;144.9;148.0
957;45 Bouwnijverheid;2002 juli;148.2;151.4
958;45 Bouwnijverheid;2002 augustus;148.2;151.4
959;45 Bouwnijverheid;2002 september;148.2;151.4
960;45 Bouwnijverheid;2002 oktober;148.3;151.5
961;45 Bouwnijverheid;2002 november;147.8;151.0
962;45 Bouwnijverheid;2002 december;147.8;151.0
963;45 Bouwnijverheid;2002 jaargemiddelde;146.6;149.7
964;45 Bouwnijverheid;2003 januari;149.4;152.6
965;45 Bouwnijverheid;2003 februari;149.4;152.6
966;45 Bouwnijverheid;2003 maart;149.4;152.6
967;45 Bouwnijverheid;2003 april;150.2;153.5
968;45 Bouwnijverheid;2003 mei;150.3;153.5
969;50-74 Commerciële dienstverlening;1999 januari;123.7;125.4
970;50-74 Commerciële dienstverlening;1999 februari;124.0;125.6
971;50-74 Commerciële dienstverlening;1999 maart;124.0;125.7
972;50-74 Commerciële dienstverlening;1999 april;124.3;126.0
973;50-74 Commerciële dienstverlening;1999 mei;124.5;126.1
974;50-74 Commerciële dienstverlening;1999 juni;124.7;126.4
975;50-74 Commerciële dienstverlening;1999 juli;125.3;127.0
976;50-74 Commerciële dienstverlening;1999 augustus;125.5;127.2
977;50-74 Commerciële dienstverlening;1999 september;125.9;127.6
978;50-74 Commerciële dienstverlening;1999 oktober;126.8;128.5
979;50-74 Commerciële dienstverlening;1999 november;127.0;128.7
980;50-74 Commerciële dienstverlening;1999 december;127.0;128.7
981;50-74 Commerciële dienstverlening;1999 jaargemiddelde;125.7;127.4
982;50-74 Commerciële dienstverlening;2000 januari;127.6;129.3
983;50-74 Commerciële dienstverlening;2000 februari;127.7;129.5
984;50-74 Commerciële dienstverlening;2000 maart;127.9;129.7
985;50-74 Commerciële dienstverlening;2000 april;128.4;130.2
986;50-74 Commerciële dienstverlening;2000 mei;128.5;130.3
987;50-74 Commerciële dienstverlening;2000 juni;128.6;130.4
988;50-74 Commerciële dienstverlening;2000 juli;129.2;131.0
989;50-74 Commerciële dienstverlening;2000 augustus;129.5;131.3
990;50-74 Commerciële dienstverlening;2000 september;129.9;131.8
991;50-74 Commerciële dienstverlening;2000 oktober;130.6;132.4
992;50-74 Commerciële dienstverlening;2000 november;130.6;132.5
993;50-74 Commerciële dienstverlening;2000 december;130.7;132.6
994;50-74 Commerciële dienstverlening;2000 jaargemiddelde;129.4;131.3
995;50-74 Commerciële dienstverlening;2001 januari;131.8;133.7
996;50-74 Commerciële dienstverlening;2001 februari;132.2;134.0
997;50-74 Commerciële dienstverlening;2001 maart;132.2;134.1
998;50-74 Commerciële dienstverlening;2001 april;133.7;135.7
999;50-74 Commerciële dienstverlening;2001 mei;134.1;136.0
1000;50-74 Commerciële dienstverlening;2001 juni;134.7;136.7
1001;50-74 Commerciële dienstverlening;2001 juli;136.6;138.5
1002;50-74 Commerciële dienstverlening;2001 augustus;136.9;138.9
1003;50-74 Commerciële dienstverlening;2001 september;137.2;139.2
1004;50-74 Commerciële dienstverlening;2001 oktober;137.5;139.5
1005;50-74 Commerciële dienstverlening;2001 november;137.6;139.5
1006;50-74 Commerciële dienstverlening;2001 december;137.8;139.8
1007;50-74 Commerciële dienstverlening;2001 jaargemiddelde;136.2;138.2
1008;50-74 Commerciële dienstverlening;2002 januari;138.7;140.7
1009;50-74 Commerciële dienstverlening;2002 februari;138.8;140.8
1010;50-74 Commerciële dienstverlening;2002 maart;139.0;141.0
1011;50-74 Commerciële dienstverlening;2002 april;139.3;141.3
1012;50-74 Commerciële dienstverlening;2002 mei;139.5;141.5
1013;50-74 Commerciële dienstverlening;2002 juni;139.9;141.9
1014;50-74 Commerciële dienstverlening;2002 juli;140.8;142.8
1015;50-74 Commerciële dienstverlening;2002 augustus;141.2;143.2
1016;50-74 Commerciële dienstverlening;2002 september;141.5;143.5
1017;50-74 Commerciële dienstverlening;2002 oktober;142.1;144.1
1018;50-74 Commerciële dienstverlening;2002 november;142.1;144.1
1019;50-74 Commerciële dienstverlening;2002 december;142.2;144.3
1020;50-74 Commerciële dienstverlening;2002 jaargemiddelde;140.7;142.7
1021;50-74 Commerciële dienstverlening;2003 januari;143.1;145.1
1022;50-74 Commerciële dienstverlening;2003 februari;143.3;145.4
1023;50-74 Commerciële dienstverlening;2003 maart;143.4;145.4
1024;50-74 Commerciële dienstverlening;2003 april;143.5;145.6
1025;50-74 Commerciële dienstverlening;2003 mei;143.6;145.6
1026;50-52 Handel;1999 januari;125.4;126.8
1027;50-52 Handel;1999 februari;125.5;126.9
1028;50-52 Handel;1999 maart;125.6;127.0
1029;50-52 Handel;1999 april;125.6;127.0
1030;50-52 Handel;1999 mei;125.7;127.1
1031;50-52 Handel;1999 juni;125.8;127.3
1032;50-52 Handel;1999 juli;126.9;128.4
1033;50-52 Handel;1999 augustus;127.0;128.6
1034;50-52 Handel;1999 september;127.7;129.3
1035;50-52 Handel;1999 oktober;129.0;130.5
1036;50-52 Handel;1999 november;129.3;130.8
1037;50-52 Handel;1999 december;129.3;130.8
1038;50-52 Handel;1999 jaargemiddelde;127.3;128.8
1039;50-52 Handel;2000 januari;129.6;131.1
1040;50-52 Handel;2000 februari;129.8;131.3
1041;50-52 Handel;2000 maart;129.9;131.4
1042;50-52 Handel;2000 april;130.2;131.8
1043;50-52 Handel;2000 mei;130.3;131.8
1044;50-52 Handel;2000 juni;130.6;132.1
1045;50-52 Handel;2000 juli;131.6;133.2
1046;50-52 Handel;2000 augustus;132.0;133.6
1047;50-52 Handel;2000 september;132.1;133.7
1048;50-52 Handel;2000 oktober;132.6;134.2
1049;50-52 Handel;2000 november;132.6;134.2
1050;50-52 Handel;2000 december;132.6;134.2
1051;50-52 Handel;2000 jaargemiddelde;131.3;132.8
1052;50-52 Handel;2001 januari;133.6;135.2
1053;50-52 Handel;2001 februari;134.0;135.6
1054;50-52 Handel;2001 maart;134.0;135.6
1055;50-52 Handel;2001 april;134.1;135.7
1056;50-52 Handel;2001 mei;135.0;136.6
1057;50-52 Handel;2001 juni;135.7;137.3
1058;50-52 Handel;2001 juli;138.3;140.0
1059;50-52 Handel;2001 augustus;138.3;139.9
1060;50-52 Handel;2001 september;138.7;140.3
1061;50-52 Handel;2001 oktober;138.9;140.5
1062;50-52 Handel;2001 november;138.9;140.6
1063;50-52 Handel;2001 december;138.9;140.6
1064;50-52 Handel;2001 jaargemiddelde;137.3;139.0
1065;50-52 Handel;2002 januari;140.0;141.7
1066;50-52 Handel;2002 februari;140.1;141.8
1067;50-52 Handel;2002 maart;140.7;142.4
1068;50-52 Handel;2002 april;140.7;142.5
1069;50-52 Handel;2002 mei;140.7;142.5
1070;50-52 Handel;2002 juni;140.8;142.5
1071;50-52 Handel;2002 juli;142.2;143.9
1072;50-52 Handel;2002 augustus;142.3;144.0
1073;50-52 Handel;2002 september;143.0;144.7
1074;50-52 Handel;2002 oktober;143.7;145.5
1075;50-52 Handel;2002 november;143.6;145.3
1076;50-52 Handel;2002 december;143.6;145.3
1077;50-52 Handel;2002 jaargemiddelde;142.0;143.7
1078;50-52 Handel;2003 januari;144.8;146.5
1079;50-52 Handel;2003 februari;144.9;146.7
1080;50-52 Handel;2003 maart;144.9;146.7
1081;50-52 Handel;2003 april;145.3;147.1
1082;50-52 Handel;2003 mei;145.3;147.1
1083;51 Groothandel;1999 januari;125.0;125.9
1084;51 Groothandel;1999 februari;125.1;126.0
1085;51 Groothandel;1999 maart;125.1;126.0
1086;51 Groothandel;1999 april;125.1;126.0
1087;51 Groothandel;1999 mei;125.2;126.2
1088;51 Groothandel;1999 juni;125.2;126.2
1089;51 Groothandel;1999 juli;125.9;126.9
1090;51 Groothandel;1999 augustus;126.0;126.9
1091;51 Groothandel;1999 september;127.3;128.2
1092;51 Groothandel;1999 oktober;128.7;129.6
1093;51 Groothandel;1999 november;128.7;129.6
1094;51 Groothandel;1999 december;128.7;129.6
1095;51 Groothandel;1999 jaargemiddelde;126.9;127.9
1096;51 Groothandel;2000 januari;129.0;129.9
1097;51 Groothandel;2000 februari;129.0;130.0
1098;51 Groothandel;2000 maart;129.0;130.0
1099;51 Groothandel;2000 april;129.5;130.5
1100;51 Groothandel;2000 mei;129.6;130.6
1101;51 Groothandel;2000 juni;129.9;130.8
1102;51 Groothandel;2000 juli;130.8;131.7
1103;51 Groothandel;2000 augustus;130.9;131.8
1104;51 Groothandel;2000 september;130.9;131.9
1105;51 Groothandel;2000 oktober;131.1;132.1
1106;51 Groothandel;2000 november;131.1;132.0
1107;51 Groothandel;2000 december;131.1;132.0
1108;51 Groothandel;2000 jaargemiddelde;130.3;131.2
1109;51 Groothandel;2001 januari;132.7;133.7
1110;51 Groothandel;2001 februari;132.8;133.8
1111;51 Groothandel;2001 maart;132.8;133.8
1112;51 Groothandel;2001 april;132.8;133.8
1113;51 Groothandel;2001 mei;132.9;133.9
1114;51 Groothandel;2001 juni;134.2;135.1
1115;51 Groothandel;2001 juli;137.1;138.1
1116;51 Groothandel;2001 augustus;137.1;138.1
1117;51 Groothandel;2001 september;137.5;138.5
1118;51 Groothandel;2001 oktober;137.7;138.7
1119;51 Groothandel;2001 november;137.7;138.7
1120;51 Groothandel;2001 december;137.7;138.7
1121;51 Groothandel;2001 jaargemiddelde;136.3;137.3
1122;51 Groothandel;2002 januari;139.1;140.1
1123;51 Groothandel;2002 februari;139.1;140.1
1124;51 Groothandel;2002 maart;139.1;140.1
1125;51 Groothandel;2002 april;139.2;140.2
1126;51 Groothandel;2002 mei;139.2;140.2
1127;51 Groothandel;2002 juni;139.3;140.3
1128;51 Groothandel;2002 juli;141.0;142.0
1129;51 Groothandel;2002 augustus;141.0;142.0
1130;51 Groothandel;2002 september;141.5;142.5
1131;51 Groothandel;2002 oktober;142.7;143.8
1132;51 Groothandel;2002 november;142.7;143.8
1133;51 Groothandel;2002 december;142.7;143.8
1134;51 Groothandel;2002 jaargemiddelde;140.8;141.8
1135;51 Groothandel;2003 januari;144.1;145.2
1136;51 Groothandel;2003 februari;144.2;145.2
1137;51 Groothandel;2003 maart;144.2;145.3
1138;51 Groothandel;2003 april;144.2;145.3
1139;51 Groothandel;2003 mei;144.3;145.3
1140;52 Detailhandel;1999 januari;126.6;129.2
1141;52 Detailhandel;1999 februari;126.6;129.2
1142;52 Detailhandel;1999 maart;126.9;129.5
1143;52 Detailhandel;1999 april;126.9;129.5
1144;52 Detailhandel;1999 mei;127.1;129.7
1145;52 Detailhandel;1999 juni;127.2;129.9
1146;52 Detailhandel;1999 juli;128.1;130.7
1147;52 Detailhandel;1999 augustus;128.3;130.9
1148;52 Detailhandel;1999 september;128.3;131.0
1149;52 Detailhandel;1999 oktober;129.7;132.4
1150;52 Detailhandel;1999 november;130.6;133.3
1151;52 Detailhandel;1999 december;130.6;133.3
1152;52 Detailhandel;1999 jaargemiddelde;128.3;131.0
1153;52 Detailhandel;2000 januari;131.1;133.8
1154;52 Detailhandel;2000 februari;131.7;134.4
1155;52 Detailhandel;2000 maart;132.0;134.7
1156;52 Detailhandel;2000 april;132.2;134.9
1157;52 Detailhandel;2000 mei;132.2;134.9
1158;52 Detailhandel;2000 juni;132.7;135.4
1159;52 Detailhandel;2000 juli;133.1;135.8
1160;52 Detailhandel;2000 augustus;134.2;136.9
1161;52 Detailhandel;2000 september;134.2;136.9
1162;52 Detailhandel;2000 oktober;135.4;138.1
1163;52 Detailhandel;2000 november;135.4;138.2
1164;52 Detailhandel;2000 december;135.4;138.2
1165;52 Detailhandel;2000 jaargemiddelde;133.4;136.2
1166;52 Detailhandel;2001 januari;135.7;138.5
1167;52 Detailhandel;2001 februari;136.8;139.7
1168;52 Detailhandel;2001 maart;136.8;139.7
1169;52 Detailhandel;2001 april;137.0;139.8
1170;52 Detailhandel;2001 mei;137.4;140.2
1171;52 Detailhandel;2001 juni;137.4;140.4
1172;52 Detailhandel;2001 juli;140.2;143.2
1173;52 Detailhandel;2001 augustus;140.2;143.2
1174;52 Detailhandel;2001 september;140.8;143.9
1175;52 Detailhandel;2001 oktober;141.1;144.1
1176;52 Detailhandel;2001 november;141.1;144.1
1177;52 Detailhandel;2001 december;141.3;144.4
1178;52 Detailhandel;2001 jaargemiddelde;139.4;142.3
1179;52 Detailhandel;2002 januari;142.2;145.3
1180;52 Detailhandel;2002 februari;142.2;145.3
1181;52 Detailhandel;2002 maart;142.5;145.6
1182;52 Detailhandel;2002 april;142.6;145.7
1183;52 Detailhandel;2002 mei;142.6;145.7
1184;52 Detailhandel;2002 juni;142.7;145.8
1185;52 Detailhandel;2002 juli;143.8;146.9
1186;52 Detailhandel;2002 augustus;144.1;147.2
1187;52 Detailhandel;2002 september;145.5;148.7
1188;52 Detailhandel;2002 oktober;145.8;149.0
1189;52 Detailhandel;2002 november;146.0;149.2
1190;52 Detailhandel;2002 december;146.0;149.2
1191;52 Detailhandel;2002 jaargemiddelde;144.0;147.1
1192;52 Detailhandel;2003 januari;146.9;150.1
1193;52 Detailhandel;2003 februari;147.1;150.3
1194;52 Detailhandel;2003 maart;147.1;150.3
1195;52 Detailhandel;2003 april;147.3;150.5
1196;52 Detailhandel;2003 mei;147.3;150.5
1197;55 Horeca;1999 januari;126.6;126.8
1198;55 Horeca;1999 februari;126.6;126.8
1199;55 Horeca;1999 maart;126.6;126.8
1200;55 Horeca;1999 april;126.6;126.8
1201;55 Horeca;1999 mei;126.6;126.8
1202;55 Horeca;1999 juni;126.6;126.8
1203;55 Horeca;1999 juli;129.8;130.0
1204;55 Horeca;1999 augustus;129.8;130.0
1205;55 Horeca;1999 september;129.8;130.0
1206;55 Horeca;1999 oktober;129.8;130.0
1207;55 Horeca;1999 november;129.8;130.0
1208;55 Horeca;1999 december;129.8;130.0
1209;55 Horeca;1999 jaargemiddelde;128.2;128.4
1210;55 Horeca;2000 januari;132.2;132.4
1211;55 Horeca;2000 februari;132.2;132.4
1212;55 Horeca;2000 maart;132.2;132.4
1213;55 Horeca;2000 april;132.2;132.4
1214;55 Horeca;2000 mei;132.2;132.4
1215;55 Horeca;2000 juni;132.2;132.4
1216;55 Horeca;2000 juli;132.4;132.5
1217;55 Horeca;2000 augustus;132.4;132.5
1218;55 Horeca;2000 september;132.4;132.5
1219;55 Horeca;2000 oktober;137.1;137.2
1220;55 Horeca;2000 november;137.1;137.2
1221;55 Horeca;2000 december;137.1;137.2
1222;55 Horeca;2000 jaargemiddelde;134.6;134.7
1223;55 Horeca;2001 januari;137.1;137.2
1224;55 Horeca;2001 februari;137.1;137.2
1225;55 Horeca;2001 maart;137.1;137.2
1226;55 Horeca;2001 april;137.1;137.2
1227;55 Horeca;2001 mei;137.1;137.2
1228;55 Horeca;2001 juni;137.1;137.2
1229;55 Horeca;2001 juli;142.3;142.5
1230;55 Horeca;2001 augustus;142.3;142.5
1231;55 Horeca;2001 september;142.3;142.5
1232;55 Horeca;2001 oktober;142.3;142.5
1233;55 Horeca;2001 november;142.3;142.5
1234;55 Horeca;2001 december;142.3;142.5
1235;55 Horeca;2001 jaargemiddelde;139.7;139.9
1236;55 Horeca;2002 januari;143.0;143.2
1237;55 Horeca;2002 februari;143.0;143.2
1238;55 Horeca;2002 maart;143.0;143.2
1239;55 Horeca;2002 april;143.0;143.2
1240;55 Horeca;2002 mei;143.0;143.2
1241;55 Horeca;2002 juni;143.0;143.2
1242;55 Horeca;2002 juli;143.0;143.2
1243;55 Horeca;2002 augustus;143.0;143.2
1244;55 Horeca;2002 september;143.0;143.2
1245;55 Horeca;2002 oktober;143.0;143.2
1246;55 Horeca;2002 november;143.0;143.2
1247;55 Horeca;2002 december;143.0;143.2
1248;55 Horeca;2002 jaargemiddelde;143.0;143.2
1249;55 Horeca;2003 januari;147.2;147.4
1250;55 Horeca;2003 februari;147.2;147.4
1251;55 Horeca;2003 maart;147.2;147.4
1252;55 Horeca;2003 april;147.2;147.4
1253;55 Horeca;2003 mei;147.6;147.8
1254;60-64 Vervoer en communicatie;1999 januari;123.3;124.9
1255;60-64 Vervoer en communicatie;1999 februari;123.3;124.9
1256;60-64 Vervoer en communicatie;1999 maart;123.4;125.0
1257;60-64 Vervoer en communicatie;1999 april;124.8;126.4
1258;60-64 Vervoer en communicatie;1999 mei;124.8;126.4
1259;60-64 Vervoer en communicatie;1999 juni;124.8;126.4
1260;60-64 Vervoer en communicatie;1999 juli;125.1;126.7
1261;60-64 Vervoer en communicatie;1999 augustus;125.3;126.9
1262;60-64 Vervoer en communicatie;1999 september;125.3;126.9
1263;60-64 Vervoer en communicatie;1999 oktober;126.2;127.8
1264;60-64 Vervoer en communicatie;1999 november;126.2;127.8
1265;60-64 Vervoer en communicatie;1999 december;126.2;127.9
1266;60-64 Vervoer en communicatie;1999 jaargemiddelde;125.4;127.0
1267;60-64 Vervoer en communicatie;2000 januari;126.6;128.3
1268;60-64 Vervoer en communicatie;2000 februari;126.6;128.6
1269;60-64 Vervoer en communicatie;2000 maart;126.6;128.6
1270;60-64 Vervoer en communicatie;2000 april;128.8;130.8
1271;60-64 Vervoer en communicatie;2000 mei;128.9;130.9
1272;60-64 Vervoer en communicatie;2000 juni;128.9;130.9
1273;60-64 Vervoer en communicatie;2000 juli;129.1;131.1
1274;60-64 Vervoer en communicatie;2000 augustus;129.1;131.1
1275;60-64 Vervoer en communicatie;2000 september;129.4;131.4
1276;60-64 Vervoer en communicatie;2000 oktober;129.5;131.5
1277;60-64 Vervoer en communicatie;2000 november;129.7;131.7
1278;60-64 Vervoer en communicatie;2000 december;129.8;131.8
1279;60-64 Vervoer en communicatie;2000 jaargemiddelde;128.9;130.9
1280;60-64 Vervoer en communicatie;2001 januari;130.0;132.0
1281;60-64 Vervoer en communicatie;2001 februari;130.1;132.1
1282;60-64 Vervoer en communicatie;2001 maart;130.1;132.1
1283;60-64 Vervoer en communicatie;2001 april;130.7;132.7
1284;60-64 Vervoer en communicatie;2001 mei;130.8;132.8
1285;60-64 Vervoer en communicatie;2001 juni;132.2;134.3
1286;60-64 Vervoer en communicatie;2001 juli;132.5;134.6
1287;60-64 Vervoer en communicatie;2001 augustus;133.3;135.2
1288;60-64 Vervoer en communicatie;2001 september;133.9;135.8
1289;60-64 Vervoer en communicatie;2001 oktober;134.4;136.3
1290;60-64 Vervoer en communicatie;2001 november;134.4;136.3
1291;60-64 Vervoer en communicatie;2001 december;134.6;136.5
1292;60-64 Vervoer en communicatie;2001 jaargemiddelde;133.4;135.3
1293;60-64 Vervoer en communicatie;2002 januari;134.7;136.6
1294;60-64 Vervoer en communicatie;2002 februari;134.7;136.7
1295;60-64 Vervoer en communicatie;2002 maart;134.9;136.8
1296;60-64 Vervoer en communicatie;2002 april;136.4;138.2
1297;60-64 Vervoer en communicatie;2002 mei;136.6;138.5
1298;60-64 Vervoer en communicatie;2002 juni;137.9;139.7
1299;60-64 Vervoer en communicatie;2002 juli;137.9;139.7
1300;60-64 Vervoer en communicatie;2002 augustus;137.9;139.8
1301;60-64 Vervoer en communicatie;2002 september;138.1;140.0
1302;60-64 Vervoer en communicatie;2002 oktober;138.3;140.1
1303;60-64 Vervoer en communicatie;2002 november;138.3;140.1
1304;60-64 Vervoer en communicatie;2002 december;138.6;140.5
1305;60-64 Vervoer en communicatie;2002 jaargemiddelde;137.6;139.4
1306;60-64 Vervoer en communicatie;2003 januari;138.8;140.7
1307;60-64 Vervoer en communicatie;2003 februari;139.6;141.4
1308;60-64 Vervoer en communicatie;2003 maart;139.6;141.5
1309;60-64 Vervoer en communicatie;2003 april;139.6;141.5
1310;60-64 Vervoer en communicatie;2003 mei;139.7;141.6
1311;65-74 Financiële/zakelijke dienstverl.;1999 januari;122.4;124.3
1312;65-74 Financiële/zakelijke dienstverl.;1999 februari;122.9;124.8
1313;65-74 Financiële/zakelijke dienstverl.;1999 maart;122.9;124.9
1314;65-74 Financiële/zakelijke dienstverl.;1999 april;123.0;125.0
1315;65-74 Financiële/zakelijke dienstverl.;1999 mei;123.3;125.2
1316;65-74 Financiële/zakelijke dienstverl.;1999 juni;123.5;125.6
1317;65-74 Financiële/zakelijke dienstverl.;1999 juli;123.8;125.8
1318;65-74 Financiële/zakelijke dienstverl.;1999 augustus;124.1;126.1
1319;65-74 Financiële/zakelijke dienstverl.;1999 september;124.4;126.4
1320;65-74 Financiële/zakelijke dienstverl.;1999 oktober;125.1;127.2
1321;65-74 Financiële/zakelijke dienstverl.;1999 november;125.4;127.4
1322;65-74 Financiële/zakelijke dienstverl.;1999 december;125.4;127.4
1323;65-74 Financiële/zakelijke dienstverl.;1999 jaargemiddelde;124.3;126.3
1324;65-74 Financiële/zakelijke dienstverl.;2000 januari;126.1;128.2
1325;65-74 Financiële/zakelijke dienstverl.;2000 februari;126.2;128.3
1326;65-74 Financiële/zakelijke dienstverl.;2000 maart;126.5;128.6
1327;65-74 Financiële/zakelijke dienstverl.;2000 april;126.6;128.7
1328;65-74 Financiële/zakelijke dienstverl.;2000 mei;126.6;128.7
1329;65-74 Financiële/zakelijke dienstverl.;2000 juni;126.7;128.8
1330;65-74 Financiële/zakelijke dienstverl.;2000 juli;127.2;129.4
1331;65-74 Financiële/zakelijke dienstverl.;2000 augustus;127.6;129.7
1332;65-74 Financiële/zakelijke dienstverl.;2000 september;128.3;130.5
1333;65-74 Financiële/zakelijke dienstverl.;2000 oktober;129.0;131.1
1334;65-74 Financiële/zakelijke dienstverl.;2000 november;129.0;131.1
1335;65-74 Financiële/zakelijke dienstverl.;2000 december;129.1;131.3
1336;65-74 Financiële/zakelijke dienstverl.;2000 jaargemiddelde;127.8;129.9
1337;65-74 Financiële/zakelijke dienstverl.;2001 januari;130.7;132.9
1338;65-74 Financiële/zakelijke dienstverl.;2001 februari;131.2;133.4
1339;65-74 Financiële/zakelijke dienstverl.;2001 maart;131.3;133.5
1340;65-74 Financiële/zakelijke dienstverl.;2001 april;134.2;136.5
1341;65-74 Financiële/zakelijke dienstverl.;2001 mei;134.2;136.5
1342;65-74 Financiële/zakelijke dienstverl.;2001 juni;134.6;136.9
1343;65-74 Financiële/zakelijke dienstverl.;2001 juli;136.3;138.6
1344;65-74 Financiële/zakelijke dienstverl.;2001 augustus;136.8;139.2
1345;65-74 Financiële/zakelijke dienstverl.;2001 september;137.0;139.3
1346;65-74 Financiële/zakelijke dienstverl.;2001 oktober;137.3;139.6
1347;65-74 Financiële/zakelijke dienstverl.;2001 november;137.3;139.7
1348;65-74 Financiële/zakelijke dienstverl.;2001 december;137.8;140.1
1349;65-74 Financiële/zakelijke dienstverl.;2001 jaargemiddelde;136.1;138.5
1350;65-74 Financiële/zakelijke dienstverl.;2002 januari;138.9;141.2
1351;65-74 Financiële/zakelijke dienstverl.;2002 februari;139.0;141.4
1352;65-74 Financiële/zakelijke dienstverl.;2002 maart;139.1;141.4
1353;65-74 Financiële/zakelijke dienstverl.;2002 april;139.1;141.4
1354;65-74 Financiële/zakelijke dienstverl.;2002 mei;139.4;141.7
1355;65-74 Financiële/zakelijke dienstverl.;2002 juni;139.7;142.1
1356;65-74 Financiële/zakelijke dienstverl.;2002 juli;140.7;143.1
1357;65-74 Financiële/zakelijke dienstverl.;2002 augustus;141.3;143.8
1358;65-74 Financiële/zakelijke dienstverl.;2002 september;141.5;143.9
1359;65-74 Financiële/zakelijke dienstverl.;2002 oktober;142.2;144.7
1360;65-74 Financiële/zakelijke dienstverl.;2002 november;142.3;144.8
1361;65-74 Financiële/zakelijke dienstverl.;2002 december;142.5;144.9
1362;65-74 Financiële/zakelijke dienstverl.;2002 jaargemiddelde;140.7;143.1
1363;65-74 Financiële/zakelijke dienstverl.;2003 januari;143.1;145.5
1364;65-74 Financiële/zakelijke dienstverl.;2003 februari;143.2;145.7
1365;65-74 Financiële/zakelijke dienstverl.;2003 maart;143.3;145.8
1366;65-74 Financiële/zakelijke dienstverl.;2003 april;143.5;145.9
1367;65-74 Financiële/zakelijke dienstverl.;2003 mei;143.5;145.9
1368;65-67 Financiële instellingen;1999 januari;119.7;124.7
1369;65-67 Financiële instellingen;1999 februari;119.8;124.8
1370;65-67 Financiële instellingen;1999 maart;119.8;124.8
1371;65-67 Financiële instellingen;1999 april;119.8;124.8
1372;65-67 Financiële instellingen;1999 mei;119.8;124.8
1373;65-67 Financiële instellingen;1999 juni;120.8;126.0
1374;65-67 Financiële instellingen;1999 juli;120.8;126.0
1375;65-67 Financiële instellingen;1999 augustus;121.1;126.4
1376;65-67 Financiële instellingen;1999 september;121.1;126.4
1377;65-67 Financiële instellingen;1999 oktober;123.7;129.1
1378;65-67 Financiële instellingen;1999 november;123.8;129.2
1379;65-67 Financiële instellingen;1999 december;123.8;129.2
1380;65-67 Financiële instellingen;1999 jaargemiddelde;121.5;126.8
1381;65-67 Financiële instellingen;2000 januari;123.9;129.2
1382;65-67 Financiële instellingen;2000 februari;123.9;129.3
1383;65-67 Financiële instellingen;2000 maart;125.1;130.4
1384;65-67 Financiële instellingen;2000 april;125.1;130.5
1385;65-67 Financiële instellingen;2000 mei;125.1;130.5
1386;65-67 Financiële instellingen;2000 juni;125.3;130.6
1387;65-67 Financiële instellingen;2000 juli;126.2;131.6
1388;65-67 Financiële instellingen;2000 augustus;127.5;133.0
1389;65-67 Financiële instellingen;2000 september;127.5;133.0
1390;65-67 Financiële instellingen;2000 oktober;129.3;134.8
1391;65-67 Financiële instellingen;2000 november;129.3;134.8
1392;65-67 Financiële instellingen;2000 december;129.7;135.3
1393;65-67 Financiële instellingen;2000 jaargemiddelde;127.2;132.6
1394;65-67 Financiële instellingen;2001 januari;129.7;135.2
1395;65-67 Financiële instellingen;2001 februari;129.7;135.2
1396;65-67 Financiële instellingen;2001 maart;129.5;135.1
1397;65-67 Financiële instellingen;2001 april;129.8;135.5
1398;65-67 Financiële instellingen;2001 mei;129.8;135.6
1399;65-67 Financiële instellingen;2001 juni;131.4;137.2
1400;65-67 Financiële instellingen;2001 juli;132.0;137.9
1401;65-67 Financiële instellingen;2001 augustus;133.9;139.9
1402;65-67 Financiële instellingen;2001 september;134.1;140.0
1403;65-67 Financiële instellingen;2001 oktober;134.1;140.2
1404;65-67 Financiële instellingen;2001 november;134.1;140.2
1405;65-67 Financiële instellingen;2001 december;134.6;140.7
1406;65-67 Financiële instellingen;2001 jaargemiddelde;132.2;138.1
1407;65-67 Financiële instellingen;2002 januari;134.7;140.8
1408;65-67 Financiële instellingen;2002 februari;134.7;140.8
1409;65-67 Financiële instellingen;2002 maart;134.6;140.7
1410;65-67 Financiële instellingen;2002 april;134.6;140.7
1411;65-67 Financiële instellingen;2002 mei;135.8;141.9
1412;65-67 Financiële instellingen;2002 juni;136.5;142.6
1413;65-67 Financiële instellingen;2002 juli;138.2;144.4
1414;65-67 Financiële instellingen;2002 augustus;139.5;145.8
1415;65-67 Financiële instellingen;2002 september;139.6;145.9
1416;65-67 Financiële instellingen;2002 oktober;139.7;145.9
1417;65-67 Financiële instellingen;2002 november;139.7;145.9
1418;65-67 Financiële instellingen;2002 december;140.0;146.3
1419;65-67 Financiële instellingen;2002 jaargemiddelde;137.7;143.9
1420;65-67 Financiële instellingen;2003 januari;139.8;146.1
1421;65-67 Financiële instellingen;2003 februari;139.8;146.2
1422;65-67 Financiële instellingen;2003 maart;139.3;145.7
1423;65-67 Financiële instellingen;2003 april;139.8;146.2
1424;65-67 Financiële instellingen;2003 mei;139.8;146.2
1425;65 Bankwezen;1999 januari;117.6;124.9
1426;65 Bankwezen;1999 februari;117.6;124.9
1427;65 Bankwezen;1999 maart;117.6;124.9
1428;65 Bankwezen;1999 april;117.6;124.9
1429;65 Bankwezen;1999 mei;117.6;124.9
1430;65 Bankwezen;1999 juni;118.6;125.9
1431;65 Bankwezen;1999 juli;118.6;125.9
1432;65 Bankwezen;1999 augustus;119.0;126.4
1433;65 Bankwezen;1999 september;119.0;126.4
1434;65 Bankwezen;1999 oktober;121.4;128.9
1435;65 Bankwezen;1999 november;121.4;128.9
1436;65 Bankwezen;1999 december;121.4;128.9
1437;65 Bankwezen;1999 jaargemiddelde;119.2;126.6
1438;65 Bankwezen;2000 januari;121.4;129.0
1439;65 Bankwezen;2000 februari;121.5;129.0
1440;65 Bankwezen;2000 maart;122.9;130.6
1441;65 Bankwezen;2000 april;122.9;130.6
1442;65 Bankwezen;2000 mei;122.9;130.6
1443;65 Bankwezen;2000 juni;122.9;130.6
1444;65 Bankwezen;2000 juli;124.2;131.9
1445;65 Bankwezen;2000 augustus;125.2;133.0
1446;65 Bankwezen;2000 september;125.3;133.1
1447;65 Bankwezen;2000 oktober;127.8;135.7
1448;65 Bankwezen;2000 november;127.8;135.7
1449;65 Bankwezen;2000 december;127.8;135.7
1450;65 Bankwezen;2000 jaargemiddelde;125.2;132.9
1451;65 Bankwezen;2001 januari;127.7;135.6
1452;65 Bankwezen;2001 februari;127.7;135.6
1453;65 Bankwezen;2001 maart;127.4;135.3
1454;65 Bankwezen;2001 april;127.5;135.4
1455;65 Bankwezen;2001 mei;127.5;135.4
1456;65 Bankwezen;2001 juni;129.0;137.0
1457;65 Bankwezen;2001 juli;129.8;137.9
1458;65 Bankwezen;2001 augustus;132.5;140.7
1459;65 Bankwezen;2001 september;132.5;140.7
1460;65 Bankwezen;2001 oktober;132.5;140.7
1461;65 Bankwezen;2001 november;132.5;140.7
1462;65 Bankwezen;2001 december;132.5;140.7
1463;65 Bankwezen;2001 jaargemiddelde;130.1;138.2
1464;65 Bankwezen;2002 januari;132.5;140.7
1465;65 Bankwezen;2002 februari;132.5;140.7
1466;65 Bankwezen;2002 maart;132.5;140.7
1467;65 Bankwezen;2002 april;132.5;140.7
1468;65 Bankwezen;2002 mei;134.0;142.3
1469;65 Bankwezen;2002 juni;134.0;142.3
1470;65 Bankwezen;2002 juli;136.0;144.5
1471;65 Bankwezen;2002 augustus;137.8;146.4
1472;65 Bankwezen;2002 september;137.9;146.5
1473;65 Bankwezen;2002 oktober;137.9;146.5
1474;65 Bankwezen;2002 november;137.9;146.5
1475;65 Bankwezen;2002 december;137.9;146.5
1476;65 Bankwezen;2002 jaargemiddelde;135.9;144.3
1477;65 Bankwezen;2003 januari;137.5;146.1
1478;65 Bankwezen;2003 februari;137.5;146.3
1479;65 Bankwezen;2003 maart;136.9;145.5
1480;65 Bankwezen;2003 april;137.5;146.3
1481;65 Bankwezen;2003 mei;137.5;146.3
1482;66 Verzekeringswezen/pensioenfonds;1999 januari;124.5;124.8
1483;66 Verzekeringswezen/pensioenfonds;1999 februari;124.5;124.8
1484;66 Verzekeringswezen/pensioenfonds;1999 maart;124.5;124.8
1485;66 Verzekeringswezen/pensioenfonds;1999 april;124.5;124.8
1486;66 Verzekeringswezen/pensioenfonds;1999 mei;124.5;124.8
1487;66 Verzekeringswezen/pensioenfonds;1999 juni;125.5;126.4
1488;66 Verzekeringswezen/pensioenfonds;1999 juli;125.5;126.4
1489;66 Verzekeringswezen/pensioenfonds;1999 augustus;125.5;126.4
1490;66 Verzekeringswezen/pensioenfonds;1999 september;125.5;126.4
1491;66 Verzekeringswezen/pensioenfonds;1999 oktober;128.9;129.8
1492;66 Verzekeringswezen/pensioenfonds;1999 november;129.2;130.1
1493;66 Verzekeringswezen/pensioenfonds;1999 december;129.2;130.1
1494;66 Verzekeringswezen/pensioenfonds;1999 jaargemiddelde;126.5;127.3
1495;66 Verzekeringswezen/pensioenfonds;2000 januari;129.3;130.2
1496;66 Verzekeringswezen/pensioenfonds;2000 februari;129.3;130.2
1497;66 Verzekeringswezen/pensioenfonds;2000 maart;129.4;130.3
1498;66 Verzekeringswezen/pensioenfonds;2000 april;129.6;130.5
1499;66 Verzekeringswezen/pensioenfonds;2000 mei;129.7;130.6
1500;66 Verzekeringswezen/pensioenfonds;2000 juni;130.2;131.1
1501;66 Verzekeringswezen/pensioenfonds;2000 juli;130.2;131.1
1502;66 Verzekeringswezen/pensioenfonds;2000 augustus;132.3;133.2
1503;66 Verzekeringswezen/pensioenfonds;2000 september;132.3;133.2
1504;66 Verzekeringswezen/pensioenfonds;2000 oktober;132.3;133.2
1505;66 Verzekeringswezen/pensioenfonds;2000 november;132.3;133.2
1506;66 Verzekeringswezen/pensioenfonds;2000 december;134.0;134.9
1507;66 Verzekeringswezen/pensioenfonds;2000 jaargemiddelde;131.3;132.2
1508;66 Verzekeringswezen/pensioenfonds;2001 januari;134.0;134.8
1509;66 Verzekeringswezen/pensioenfonds;2001 februari;134.0;134.9
1510;66 Verzekeringswezen/pensioenfonds;2001 maart;134.0;134.9
1511;66 Verzekeringswezen/pensioenfonds;2001 april;134.6;136.3
1512;66 Verzekeringswezen/pensioenfonds;2001 mei;134.6;136.3
1513;66 Verzekeringswezen/pensioenfonds;2001 juni;136.6;138.3
1514;66 Verzekeringswezen/pensioenfonds;2001 juli;136.6;138.3
1515;66 Verzekeringswezen/pensioenfonds;2001 augustus;136.6;138.3
1516;66 Verzekeringswezen/pensioenfonds;2001 september;137.2;138.9
1517;66 Verzekeringswezen/pensioenfonds;2001 oktober;137.5;139.5
1518;66 Verzekeringswezen/pensioenfonds;2001 november;137.5;139.5
1519;66 Verzekeringswezen/pensioenfonds;2001 december;139.4;141.5
1520;66 Verzekeringswezen/pensioenfonds;2001 jaargemiddelde;136.4;138.4
1521;66 Verzekeringswezen/pensioenfonds;2002 januari;139.4;141.5
1522;66 Verzekeringswezen/pensioenfonds;2002 februari;139.4;141.5
1523;66 Verzekeringswezen/pensioenfonds;2002 maart;139.4;141.5
1524;66 Verzekeringswezen/pensioenfonds;2002 april;139.4;141.5
1525;66 Verzekeringswezen/pensioenfonds;2002 mei;139.6;141.7
1526;66 Verzekeringswezen/pensioenfonds;2002 juni;142.5;144.6
1527;66 Verzekeringswezen/pensioenfonds;2002 juli;142.7;144.8
1528;66 Verzekeringswezen/pensioenfonds;2002 augustus;142.8;144.9
1529;66 Verzekeringswezen/pensioenfonds;2002 september;143.1;145.2
1530;66 Verzekeringswezen/pensioenfonds;2002 oktober;143.2;145.3
1531;66 Verzekeringswezen/pensioenfonds;2002 november;143.2;145.3
1532;66 Verzekeringswezen/pensioenfonds;2002 december;144.6;146.8
1533;66 Verzekeringswezen/pensioenfonds;2002 jaargemiddelde;141.7;143.8
1534;66 Verzekeringswezen/pensioenfonds;2003 januari;144.7;146.8
1535;66 Verzekeringswezen/pensioenfonds;2003 februari;144.7;146.8
1536;66 Verzekeringswezen/pensioenfonds;2003 maart;144.7;146.8
1537;66 Verzekeringswezen/pensioenfonds;2003 april;144.7;146.8
1538;66 Verzekeringswezen/pensioenfonds;2003 mei;144.7;146.8
1539;70-74 Zakelijke dienstverlening;1999 januari;123.5;124.2
1540;70-74 Zakelijke dienstverlening;1999 februari;124.2;124.9
1541;70-74 Zakelijke dienstverlening;1999 maart;124.2;124.9
1542;70-74 Zakelijke dienstverlening;1999 april;124.4;125.1
1543;70-74 Zakelijke dienstverlening;1999 mei;124.7;125.4
1544;70-74 Zakelijke dienstverlening;1999 juni;124.7;125.4
1545;70-74 Zakelijke dienstverlening;1999 juli;125.1;125.8
1546;70-74 Zakelijke dienstverlening;1999 augustus;125.4;126.1
1547;70-74 Zakelijke dienstverlening;1999 september;125.8;126.5
1548;70-74 Zakelijke dienstverlening;1999 oktober;125.8;126.5
1549;70-74 Zakelijke dienstverlening;1999 november;126.2;126.9
1550;70-74 Zakelijke dienstverlening;1999 december;126.2;126.9
1551;70-74 Zakelijke dienstverlening;1999 jaargemiddelde;125.5;126.2
1552;70-74 Zakelijke dienstverlening;2000 januari;127.0;127.8
1553;70-74 Zakelijke dienstverlening;2000 februari;127.2;128.0
1554;70-74 Zakelijke dienstverlening;2000 maart;127.2;128.0
1555;70-74 Zakelijke dienstverlening;2000 april;127.3;128.1
1556;70-74 Zakelijke dienstverlening;2000 mei;127.3;128.1
1557;70-74 Zakelijke dienstverlening;2000 juni;127.3;128.1
1558;70-74 Zakelijke dienstverlening;2000 juli;127.8;128.6
1559;70-74 Zakelijke dienstverlening;2000 augustus;127.8;128.6
1560;70-74 Zakelijke dienstverlening;2000 september;128.8;129.6
1561;70-74 Zakelijke dienstverlening;2000 oktober;129.1;129.9
1562;70-74 Zakelijke dienstverlening;2000 november;129.1;129.9
1563;70-74 Zakelijke dienstverlening;2000 december;129.1;129.9
1564;70-74 Zakelijke dienstverlening;2000 jaargemiddelde;128.2;129.0
1565;70-74 Zakelijke dienstverlening;2001 januari;131.3;132.1
1566;70-74 Zakelijke dienstverlening;2001 februari;131.9;132.7
1567;70-74 Zakelijke dienstverlening;2001 maart;132.1;133.0
1568;70-74 Zakelijke dienstverlening;2001 april;136.0;136.8
1569;70-74 Zakelijke dienstverlening;2001 mei;136.0;136.9
1570;70-74 Zakelijke dienstverlening;2001 juni;136.0;136.9
1571;70-74 Zakelijke dienstverlening;2001 juli;138.1;138.9
1572;70-74 Zakelijke dienstverlening;2001 augustus;138.1;139.0
1573;70-74 Zakelijke dienstverlening;2001 september;138.2;139.1
1574;70-74 Zakelijke dienstverlening;2001 oktober;138.6;139.5
1575;70-74 Zakelijke dienstverlening;2001 november;138.7;139.5
1576;70-74 Zakelijke dienstverlening;2001 december;139.1;140.0
1577;70-74 Zakelijke dienstverlening;2001 jaargemiddelde;137.8;138.6
1578;70-74 Zakelijke dienstverlening;2002 januari;140.5;141.4
1579;70-74 Zakelijke dienstverlening;2002 februari;140.7;141.5
1580;70-74 Zakelijke dienstverlening;2002 maart;140.8;141.7
1581;70-74 Zakelijke dienstverlening;2002 april;140.8;141.7
1582;70-74 Zakelijke dienstverlening;2002 mei;140.8;141.7
1583;70-74 Zakelijke dienstverlening;2002 juni;141.0;141.9
1584;70-74 Zakelijke dienstverlening;2002 juli;141.8;142.7
1585;70-74 Zakelijke dienstverlening;2002 augustus;142.2;143.1
1586;70-74 Zakelijke dienstverlening;2002 september;142.4;143.3
1587;70-74 Zakelijke dienstverlening;2002 oktober;143.3;144.2
1588;70-74 Zakelijke dienstverlening;2002 november;143.5;144.4
1589;70-74 Zakelijke dienstverlening;2002 december;143.5;144.4
1590;70-74 Zakelijke dienstverlening;2002 jaargemiddelde;142.0;142.9
1591;70-74 Zakelijke dienstverlening;2003 januari;144.4;145.3
1592;70-74 Zakelijke dienstverlening;2003 februari;144.6;145.5
1593;70-74 Zakelijke dienstverlening;2003 maart;144.9;145.8
1594;70-74 Zakelijke dienstverlening;2003 april;144.9;145.8
1595;70-74 Zakelijke dienstverlening;2003 mei;144.9;145.8
1596;75-93 Niet-commerciële dienstverlening;1999 januari;118.9;123.9
1597;75-93 Niet-commerciële dienstverlening;1999 februari;119.0;124.0
1598;75-93 Niet-commerciële dienstverlening;1999 maart;119.7;125.0
1599;75-93 Niet-commerciële dienstverlening;1999 april;119.8;125.1
1600;75-93 Niet-commerciële dienstverlening;1999 mei;119.9;125.2
1601;75-93 Niet-commerciële dienstverlening;1999 juni;120.1;125.4
1602;75-93 Niet-commerciële dienstverlening;1999 juli;120.3;125.6
1603;75-93 Niet-commerciële dienstverlening;1999 augustus;121.3;126.7
1604;75-93 Niet-commerciële dienstverlening;1999 september;122.0;127.4
1605;75-93 Niet-commerciële dienstverlening;1999 oktober;122.3;127.7
1606;75-93 Niet-commerciële dienstverlening;1999 november;122.6;128.1
1607;75-93 Niet-commerciële dienstverlening;1999 december;122.6;128.1
1608;75-93 Niet-commerciële dienstverlening;1999 jaargemiddelde;121.4;126.8
1609;75-93 Niet-commerciële dienstverlening;2000 januari;122.6;128.3
1610;75-93 Niet-commerciële dienstverlening;2000 februari;122.7;128.5
1611;75-93 Niet-commerciële dienstverlening;2000 maart;122.9;128.6
1612;75-93 Niet-commerciële dienstverlening;2000 april;122.9;128.7
1613;75-93 Niet-commerciële dienstverlening;2000 mei;122.9;128.7
1614;75-93 Niet-commerciële dienstverlening;2000 juni;123.6;129.4
1615;75-93 Niet-commerciële dienstverlening;2000 juli;124.9;130.7
1616;75-93 Niet-commerciële dienstverlening;2000 augustus;125.1;130.9
1617;75-93 Niet-commerciële dienstverlening;2000 september;125.7;131.5
1618;75-93 Niet-commerciële dienstverlening;2000 oktober;125.8;131.7
1619;75-93 Niet-commerciële dienstverlening;2000 november;126.1;131.9
1620;75-93 Niet-commerciële dienstverlening;2000 december;126.2;132.1
1621;75-93 Niet-commerciële dienstverlening;2000 jaargemiddelde;125.0;130.8
1622;75-93 Niet-commerciële dienstverlening;2001 januari;126.7;132.6
1623;75-93 Niet-commerciële dienstverlening;2001 februari;126.7;132.6
1624;75-93 Niet-commerciële dienstverlening;2001 maart;127.7;133.7
1625;75-93 Niet-commerciële dienstverlening;2001 april;128.1;134.1
1626;75-93 Niet-commerciële dienstverlening;2001 mei;128.8;134.8
1627;75-93 Niet-commerciële dienstverlening;2001 juni;130.2;136.3
1628;75-93 Niet-commerciële dienstverlening;2001 juli;131.1;137.3
1629;75-93 Niet-commerciële dienstverlening;2001 augustus;131.3;137.4
1630;75-93 Niet-commerciële dienstverlening;2001 september;131.3;137.5
1631;75-93 Niet-commerciële dienstverlening;2001 oktober;132.7;138.9
1632;75-93 Niet-commerciële dienstverlening;2001 november;132.8;139.0
1633;75-93 Niet-commerciële dienstverlening;2001 december;132.8;139.0
1634;75-93 Niet-commerciële dienstverlening;2001 jaargemiddelde;131.2;137.4
1635;75-93 Niet-commerciële dienstverlening;2002 januari;133.9;140.2
1636;75-93 Niet-commerciële dienstverlening;2002 februari;134.0;140.2
1637;75-93 Niet-commerciële dienstverlening;2002 maart;134.2;140.5
1638;75-93 Niet-commerciële dienstverlening;2002 april;134.4;140.7
1639;75-93 Niet-commerciële dienstverlening;2002 mei;135.4;141.7
1640;75-93 Niet-commerciële dienstverlening;2002 juni;135.5;141.9
1641;75-93 Niet-commerciële dienstverlening;2002 juli;137.0;143.4
1642;75-93 Niet-commerciële dienstverlening;2002 augustus;136.9;143.3
1643;75-93 Niet-commerciële dienstverlening;2002 september;137.5;143.9
1644;75-93 Niet-commerciële dienstverlening;2002 oktober;137.7;144.1
1645;75-93 Niet-commerciële dienstverlening;2002 november;138.0;144.4
1646;75-93 Niet-commerciële dienstverlening;2002 december;138.3;144.8
1647;75-93 Niet-commerciële dienstverlening;2002 jaargemiddelde;136.6;143.0
1648;75-93 Niet-commerciële dienstverlening;2003 januari;139.1;145.6
1649;75-93 Niet-commerciële dienstverlening;2003 februari;139.2;145.7
1650;75-93 Niet-commerciële dienstverlening;2003 maart;139.4;145.9
1651;75-93 Niet-commerciële dienstverlening;2003 april;139.5;146.0
1652;75-93 Niet-commerciële dienstverlening;2003 mei;141.0;147.6
1653;75 Openbaar bestuur;1999 januari;118.7;123.3
1654;75 Openbaar bestuur;1999 februari;118.7;123.3
1655;75 Openbaar bestuur;1999 maart;118.9;123.4
1656;75 Openbaar bestuur;1999 april;118.9;123.5
1657;75 Openbaar bestuur;1999 mei;119.0;123.5
1658;75 Openbaar bestuur;1999 juni;119.1;123.6
1659;75 Openbaar bestuur;1999 juli;119.3;123.9
1660;75 Openbaar bestuur;1999 augustus;122.4;127.0
1661;75 Openbaar bestuur;1999 september;122.4;127.0
1662;75 Openbaar bestuur;1999 oktober;122.9;127.6
1663;75 Openbaar bestuur;1999 november;122.9;127.6
1664;75 Openbaar bestuur;1999 december;123.0;127.7
1665;75 Openbaar bestuur;1999 jaargemiddelde;121.5;126.1
1666;75 Openbaar bestuur;2000 januari;122.7;127.4
1667;75 Openbaar bestuur;2000 februari;122.9;127.8
1668;75 Openbaar bestuur;2000 maart;123.1;128.0
1669;75 Openbaar bestuur;2000 april;123.3;128.3
1670;75 Openbaar bestuur;2000 mei;123.1;128.0
1671;75 Openbaar bestuur;2000 juni;123.1;128.0
1672;75 Openbaar bestuur;2000 juli;123.1;128.0
1673;75 Openbaar bestuur;2000 augustus;123.8;128.8
1674;75 Openbaar bestuur;2000 september;125.1;130.0
1675;75 Openbaar bestuur;2000 oktober;125.2;130.2
1676;75 Openbaar bestuur;2000 november;125.9;130.9
1677;75 Openbaar bestuur;2000 december;126.2;131.2
1678;75 Openbaar bestuur;2000 jaargemiddelde;124.6;129.5
1679;75 Openbaar bestuur;2001 januari;127.4;132.5
1680;75 Openbaar bestuur;2001 februari;127.4;132.5
1681;75 Openbaar bestuur;2001 maart;127.7;132.8
1682;75 Openbaar bestuur;2001 april;128.0;133.2
1683;75 Openbaar bestuur;2001 mei;129.9;135.2
1684;75 Openbaar bestuur;2001 juni;130.0;135.2
1685;75 Openbaar bestuur;2001 juli;130.0;135.2
1686;75 Openbaar bestuur;2001 augustus;130.1;135.3
1687;75 Openbaar bestuur;2001 september;130.3;135.6
1688;75 Openbaar bestuur;2001 oktober;132.8;138.2
1689;75 Openbaar bestuur;2001 november;132.9;138.3
1690;75 Openbaar bestuur;2001 december;132.9;138.3
1691;75 Openbaar bestuur;2001 jaargemiddelde;130.6;135.9
1692;75 Openbaar bestuur;2002 januari;132.9;138.2
1693;75 Openbaar bestuur;2002 februari;132.9;138.2
1694;75 Openbaar bestuur;2002 maart;132.9;138.2
1695;75 Openbaar bestuur;2002 april;132.9;138.2
1696;75 Openbaar bestuur;2002 mei;135.4;140.9
1697;75 Openbaar bestuur;2002 juni;135.4;140.9
1698;75 Openbaar bestuur;2002 juli;135.7;141.2
1699;75 Openbaar bestuur;2002 augustus;135.7;141.2
1700;75 Openbaar bestuur;2002 september;135.7;141.2
1701;75 Openbaar bestuur;2002 oktober;136.2;141.6
1702;75 Openbaar bestuur;2002 november;137.2;142.7
1703;75 Openbaar bestuur;2002 december;138.0;143.5
1704;75 Openbaar bestuur;2002 jaargemiddelde;135.8;141.3
1705;75 Openbaar bestuur;2003 januari;138.2;143.8
1706;75 Openbaar bestuur;2003 februari;138.3;143.8
1707;75 Openbaar bestuur;2003 maart;138.4;144.0
1708;75 Openbaar bestuur;2003 april;138.4;144.0
1709;75 Openbaar bestuur;2003 mei;140.3;145.9
1710;80 Onderwijs;1999 januari;118.2;123.8
1711;80 Onderwijs;1999 februari;118.2;123.8
1712;80 Onderwijs;1999 maart;121.4;127.2
1713;80 Onderwijs;1999 april;121.4;127.2
1714;80 Onderwijs;1999 mei;121.4;127.2
1715;80 Onderwijs;1999 juni;121.4;127.2
1716;80 Onderwijs;1999 juli;121.4;127.2
1717;80 Onderwijs;1999 augustus;121.4;127.2
1718;80 Onderwijs;1999 september;121.4;127.2
1719;80 Onderwijs;1999 oktober;121.4;127.2
1720;80 Onderwijs;1999 november;121.4;127.2
1721;80 Onderwijs;1999 december;121.4;127.2
1722;80 Onderwijs;1999 jaargemiddelde;121.2;126.9
1723;80 Onderwijs;2000 januari;121.4;127.2
1724;80 Onderwijs;2000 februari;121.4;127.2
1725;80 Onderwijs;2000 maart;121.4;127.2
1726;80 Onderwijs;2000 april;121.4;127.2
1727;80 Onderwijs;2000 mei;121.4;127.2
1728;80 Onderwijs;2000 juni;121.4;127.2
1729;80 Onderwijs;2000 juli;125.6;131.5
1730;80 Onderwijs;2000 augustus;125.6;131.5
1731;80 Onderwijs;2000 september;125.6;131.5
1732;80 Onderwijs;2000 oktober;125.6;131.5
1733;80 Onderwijs;2000 november;125.6;131.5
1734;80 Onderwijs;2000 december;125.6;131.5
1735;80 Onderwijs;2000 jaargemiddelde;124.9;130.9
1736;80 Onderwijs;2001 januari;125.6;131.6
1737;80 Onderwijs;2001 februari;125.6;131.6
1738;80 Onderwijs;2001 maart;129.1;135.3
1739;80 Onderwijs;2001 april;129.1;135.3
1740;80 Onderwijs;2001 mei;129.1;135.3
1741;80 Onderwijs;2001 juni;129.1;135.3
1742;80 Onderwijs;2001 juli;129.1;135.3
1743;80 Onderwijs;2001 augustus;129.1;135.3
1744;80 Onderwijs;2001 september;129.1;135.3
1745;80 Onderwijs;2001 oktober;130.9;137.1
1746;80 Onderwijs;2001 november;130.9;137.1
1747;80 Onderwijs;2001 december;130.9;137.1
1748;80 Onderwijs;2001 jaargemiddelde;130.3;136.5
1749;80 Onderwijs;2002 januari;134.4;140.8
1750;80 Onderwijs;2002 februari;134.4;140.8
1751;80 Onderwijs;2002 maart;134.4;140.8
1752;80 Onderwijs;2002 april;134.4;140.8
1753;80 Onderwijs;2002 mei;134.4;140.8
1754;80 Onderwijs;2002 juni;134.7;141.1
1755;80 Onderwijs;2002 juli;137.5;144.0
1756;80 Onderwijs;2002 augustus;137.5;144.0
1757;80 Onderwijs;2002 september;137.5;144.0
1758;80 Onderwijs;2002 oktober;137.5;144.0
1759;80 Onderwijs;2002 november;137.5;144.0
1760;80 Onderwijs;2002 december;137.5;144.0
1761;80 Onderwijs;2002 jaargemiddelde;136.1;142.6
1762;80 Onderwijs;2003 januari;137.5;144.0
1763;80 Onderwijs;2003 februari;137.5;144.0
1764;80 Onderwijs;2003 maart;137.5;144.0
1765;80 Onderwijs;2003 april;137.5;144.0
1766;80 Onderwijs;2003 mei;141.1;147.8
1767;85 Gezondheids- en welzijnszorg;1999 januari;118.4;124.1
1768;85 Gezondheids- en welzijnszorg;1999 februari;118.4;124.1
1769;85 Gezondheids- en welzijnszorg;1999 maart;118.0;124.5
1770;85 Gezondheids- en welzijnszorg;1999 april;118.3;124.7
1771;85 Gezondheids- en welzijnszorg;1999 mei;118.3;124.7
1772;85 Gezondheids- en welzijnszorg;1999 juni;118.7;125.2
1773;85 Gezondheids- en welzijnszorg;1999 juli;118.9;125.4
1774;85 Gezondheids- en welzijnszorg;1999 augustus;119.0;125.5
1775;85 Gezondheids- en welzijnszorg;1999 september;120.9;127.5
1776;85 Gezondheids- en welzijnszorg;1999 oktober;121.2;127.9
1777;85 Gezondheids- en welzijnszorg;1999 november;121.9;128.6
1778;85 Gezondheids- en welzijnszorg;1999 december;121.9;128.6
1779;85 Gezondheids- en welzijnszorg;1999 jaargemiddelde;120.2;126.8
1780;85 Gezondheids- en welzijnszorg;2000 januari;122.1;129.2
1781;85 Gezondheids- en welzijnszorg;2000 februari;122.1;129.3
1782;85 Gezondheids- en welzijnszorg;2000 maart;122.2;129.3
1783;85 Gezondheids- en welzijnszorg;2000 april;122.2;129.3
1784;85 Gezondheids- en welzijnszorg;2000 mei;122.2;129.4
1785;85 Gezondheids- en welzijnszorg;2000 juni;124.2;131.5
1786;85 Gezondheids- en welzijnszorg;2000 juli;124.6;131.9
1787;85 Gezondheids- en welzijnszorg;2000 augustus;124.6;131.9
1788;85 Gezondheids- en welzijnszorg;2000 september;124.8;132.1
1789;85 Gezondheids- en welzijnszorg;2000 oktober;124.8;132.2
1790;85 Gezondheids- en welzijnszorg;2000 november;124.8;132.2
1791;85 Gezondheids- en welzijnszorg;2000 december;124.9;132.2
1792;85 Gezondheids- en welzijnszorg;2000 jaargemiddelde;123.8;131.1
1793;85 Gezondheids- en welzijnszorg;2001 januari;125.1;132.4
1794;85 Gezondheids- en welzijnszorg;2001 februari;125.2;132.5
1795;85 Gezondheids- en welzijnszorg;2001 maart;125.2;132.5
1796;85 Gezondheids- en welzijnszorg;2001 april;125.8;133.1
1797;85 Gezondheids- en welzijnszorg;2001 mei;125.8;133.2
1798;85 Gezondheids- en welzijnszorg;2001 juni;130.0;137.6
1799;85 Gezondheids- en welzijnszorg;2001 juli;132.5;140.3
1800;85 Gezondheids- en welzijnszorg;2001 augustus;132.6;140.4
1801;85 Gezondheids- en welzijnszorg;2001 september;132.6;140.4
1802;85 Gezondheids- en welzijnszorg;2001 oktober;132.7;140.5
1803;85 Gezondheids- en welzijnszorg;2001 november;132.7;140.5
1804;85 Gezondheids- en welzijnszorg;2001 december;132.9;140.6
1805;85 Gezondheids- en welzijnszorg;2001 jaargemiddelde;131.1;138.8
1806;85 Gezondheids- en welzijnszorg;2002 januari;133.4;141.2
1807;85 Gezondheids- en welzijnszorg;2002 februari;133.4;141.2
1808;85 Gezondheids- en welzijnszorg;2002 maart;134.2;142.0
1809;85 Gezondheids- en welzijnszorg;2002 april;134.2;142.0
1810;85 Gezondheids- en welzijnszorg;2002 mei;134.8;142.7
1811;85 Gezondheids- en welzijnszorg;2002 juni;134.9;142.8
1812;85 Gezondheids- en welzijnszorg;2002 juli;136.9;144.9
1813;85 Gezondheids- en welzijnszorg;2002 augustus;136.6;144.6
1814;85 Gezondheids- en welzijnszorg;2002 september;138.1;146.2
1815;85 Gezondheids- en welzijnszorg;2002 oktober;138.2;146.3
1816;85 Gezondheids- en welzijnszorg;2002 november;138.2;146.3
1817;85 Gezondheids- en welzijnszorg;2002 december;138.4;146.5
1818;85 Gezondheids- en welzijnszorg;2002 jaargemiddelde;136.7;144.7
1819;85 Gezondheids- en welzijnszorg;2003 januari;140.3;148.5
1820;85 Gezondheids- en welzijnszorg;2003 februari;140.3;148.5
1821;85 Gezondheids- en welzijnszorg;2003 maart;140.8;149.1
1822;85 Gezondheids- en welzijnszorg;2003 april;140.8;149.1
1823;85 Gezondheids- en welzijnszorg;2003 mei;140.9;149.1
1824;90-93 Cultuur/overige dienstverl.;1999 januari;122.4;125.0
1825;90-93 Cultuur/overige dienstverl.;1999 februari;122.8;125.5
1826;90-93 Cultuur/overige dienstverl.;1999 maart;123.5;126.2
1827;90-93 Cultuur/overige dienstverl.;1999 april;123.5;126.2
1828;90-93 Cultuur/overige dienstverl.;1999 mei;123.9;126.6
1829;90-93 Cultuur/overige dienstverl.;1999 juni;124.3;127.0
1830;90-93 Cultuur/overige dienstverl.;1999 juli;124.5;127.3
1831;90-93 Cultuur/overige dienstverl.;1999 augustus;124.9;127.7
1832;90-93 Cultuur/overige dienstverl.;1999 september;125.4;128.1
1833;90-93 Cultuur/overige dienstverl.;1999 oktober;125.4;128.8
1834;90-93 Cultuur/overige dienstverl.;1999 november;125.9;129.3
1835;90-93 Cultuur/overige dienstverl.;1999 december;126.0;129.4
1836;90-93 Cultuur/overige dienstverl.;1999 jaargemiddelde;124.8;127.9
1837;90-93 Cultuur/overige dienstverl.;2000 januari;126.4;129.9
1838;90-93 Cultuur/overige dienstverl.;2000 februari;126.8;130.3
1839;90-93 Cultuur/overige dienstverl.;2000 maart;127.3;130.8
1840;90-93 Cultuur/overige dienstverl.;2000 april;127.3;130.8
1841;90-93 Cultuur/overige dienstverl.;2000 mei;127.8;131.3
1842;90-93 Cultuur/overige dienstverl.;2000 juni;127.8;131.3
1843;90-93 Cultuur/overige dienstverl.;2000 juli;129.1;132.7
1844;90-93 Cultuur/overige dienstverl.;2000 augustus;129.2;132.7
1845;90-93 Cultuur/overige dienstverl.;2000 september;130.1;133.6
1846;90-93 Cultuur/overige dienstverl.;2000 oktober;130.8;134.4
1847;90-93 Cultuur/overige dienstverl.;2000 november;131.1;134.7
1848;90-93 Cultuur/overige dienstverl.;2000 december;131.1;134.7
1849;90-93 Cultuur/overige dienstverl.;2000 jaargemiddelde;129.4;133.0
1850;90-93 Cultuur/overige dienstverl.;2001 januari;131.6;135.3
1851;90-93 Cultuur/overige dienstverl.;2001 februari;131.6;135.3
1852;90-93 Cultuur/overige dienstverl.;2001 maart;132.0;135.7
1853;90-93 Cultuur/overige dienstverl.;2001 april;133.4;137.1
1854;90-93 Cultuur/overige dienstverl.;2001 mei;133.5;137.2
1855;90-93 Cultuur/overige dienstverl.;2001 juni;133.9;137.6
1856;90-93 Cultuur/overige dienstverl.;2001 juli;134.6;138.3
1857;90-93 Cultuur/overige dienstverl.;2001 augustus;134.9;138.7
1858;90-93 Cultuur/overige dienstverl.;2001 september;134.9;138.7
1859;90-93 Cultuur/overige dienstverl.;2001 oktober;136.2;140.0
1860;90-93 Cultuur/overige dienstverl.;2001 november;136.3;140.0
1861;90-93 Cultuur/overige dienstverl.;2001 december;136.6;140.3
1862;90-93 Cultuur/overige dienstverl.;2001 jaargemiddelde;135.2;139.0
1863;90-93 Cultuur/overige dienstverl.;2002 januari;137.7;141.5
1864;90-93 Cultuur/overige dienstverl.;2002 februari;137.7;141.5
1865;90-93 Cultuur/overige dienstverl.;2002 maart;138.0;141.8
1866;90-93 Cultuur/overige dienstverl.;2002 april;139.2;143.1
1867;90-93 Cultuur/overige dienstverl.;2002 mei;139.3;143.1
1868;90-93 Cultuur/overige dienstverl.;2002 juni;139.3;143.2
1869;90-93 Cultuur/overige dienstverl.;2002 juli;139.9;143.7
1870;90-93 Cultuur/overige dienstverl.;2002 augustus;139.9;143.7
1871;90-93 Cultuur/overige dienstverl.;2002 september;140.3;144.2
1872;90-93 Cultuur/overige dienstverl.;2002 oktober;140.6;144.5
1873;90-93 Cultuur/overige dienstverl.;2002 november;140.6;144.5
1874;90-93 Cultuur/overige dienstverl.;2002 december;140.6;144.5
1875;90-93 Cultuur/overige dienstverl.;2002 jaargemiddelde;139.6;143.5
1876;90-93 Cultuur/overige dienstverl.;2003 januari;141.1;145.0
1877;90-93 Cultuur/overige dienstverl.;2003 februari;142.0;145.9
1878;90-93 Cultuur/overige dienstverl.;2003 maart;142.0;145.9
1879;90-93 Cultuur/overige dienstverl.;2003 april;142.4;146.3
1880;90-93 Cultuur/overige dienstverl.;2003 mei;143.5;147.4
