ID;SBISGroothandel;Jaren;Bedrijven_1;WerkzamePersonen_2;NettoOmzet_3;BrutoWinst_4;Totaal_5;Personeelskosten_6;OverigeKosten_7;Bedrijfsresultaat_8
0;512 t/m 517 Totaal groothandel;1993;49.4;402.2;149.1;19.3;16.3;7.7;8.6;3.5
1;512 t/m 517 Totaal groothandel;1994;50.4;391.2;146.6;19.4;16.2;7.6;8.6;3.8
2;512 t/m 517 Totaal groothandel;1995;52.4;408.5;152.9;19.3;15.6;7.3;8.3;4.5
3;512 t/m 517 Totaal groothandel;1996;55.5;426.5;169.7;19.1;16.0;7.0;9.0;3.8
4;512 t/m 517 Totaal groothandel;1997;58.2;448.9;184.7;18.9;15.8;7.0;8.8;3.9
5;512 t/m 517 Totaal groothandel;1998;61.0;473.7;201.8;19.2;15.9;6.9;9.0;4.0
6;512 t/m 517 Totaal groothandel;1999;58.8;495.5;220.7;20.2;16.4;7.3;9.1;4.5
7;512 + 515 (excl.5153/54 ) Grondstoffen;1993;9.8;64.4;36.8;13.3;10.1;4.7;5.4;3.5
8;512 + 515 (excl.5153/54 ) Grondstoffen;1994;9.3;64.7;38.2;13.4;11.2;4.7;6.5;2.7
9;512 + 515 (excl.5153/54 ) Grondstoffen;1995;9.0;65.8;40.3;13.3;10.7;4.4;6.3;3.2
10;512 + 515 (excl.5153/54 ) Grondstoffen;1996;9.7;69.2;41.8;13.4;11.3;4.6;6.7;2.6
11;512 + 515 (excl.5153/54 ) Grondstoffen;1997;10.0;71.2;43.6;13.4;11.0;4.6;6.4;2.9
12;512 + 515 (excl.5153/54 ) Grondstoffen;1998;10.4;75.4;44.5;12.8;10.8;4.5;6.3;2.7
13;512 + 515 (excl.5153/54 ) Grondstoffen;1999;10.1;73.6;49.1;13.3;11.1;4.8;6.3;2.9
14;512 Landbouwproducten en dieren;1993;5.7;32.6;18.7;11.4;9.1;4.0;5.1;2.8
15;512 Landbouwproducten en dieren;1994;5.5;32.7;19.5;11.6;10.0;4.0;6.0;2.0
16;512 Landbouwproducten en dieren;1995;5.4;33.5;19.9;11.6;9.6;3.8;5.8;2.6
17;512 Landbouwproducten en dieren;1996;5.9;35.2;20.6;11.5;10.1;3.9;6.2;2.1
18;512 Landbouwproducten en dieren;1997;6.0;38.0;21.1;11.5;10.1;4.1;6.0;2.1
19;512 Landbouwproducten en dieren;1998;6.1;39.1;21.5;11.5;10.3;4.2;6.1;2.0
20;512 Landbouwproducten en dieren;1999;6.0;39.4;21.9;12.3;11.0;4.7;6.3;2.3
21;51211 + 51212 Granen, zaai- en pootgoed;1993;0.3;4.2;2.9;10.4;9.3;4.5;4.8;2.1
22;51211 + 51212 Granen, zaai- en pootgoed;1994;0.3;3.8;2.4;12.7;12.4;5.5;6.9;1.7
23;51211 + 51212 Granen, zaai- en pootgoed;1995;0.3;3.6;2.4;13.8;12.3;5.2;7.1;2.7
24;51211 + 51212 Granen, zaai- en pootgoed;1996;0.3;3.9;2.1;16.7;15.4;6.8;8.6;2.7
25;51211 + 51212 Granen, zaai- en pootgoed;1997;0.3;4.2;2.0;16.6;15.8;7.0;8.8;3.3
26;51211 + 51212 Granen, zaai- en pootgoed;1998;0.3;4.1;1.8;15.9;20.3;8.4;11.9;1.6
27;51211 + 51212 Granen, zaai- en pootgoed;1999;0.3;4.1;1.9;14.3;18.7;8.3;10.4;3.6
28;51213 t/m 51215 Veevoeders;1993;0.7;2.3;1.6;9.2;7.0;2.9;4.1;2.8
29;51213 t/m 51215 Veevoeders;1994;0.6;2.3;3.1;5.8;4.7;1.8;2.9;1.2
30;51213 t/m 51215 Veevoeders;1995;0.6;2.3;2.7;7.2;5.7;1.8;3.9;1.8
31;51213 t/m 51215 Veevoeders;1996;0.6;2.3;2.7;4.7;3.8;1.6;2.2;1.5
32;51213 t/m 51215 Veevoeders;1997;0.6;2.3;2.8;5.5;4.9;1.7;3.2;0.7
33;51213 t/m 51215 Veevoeders;1998;0.5;2.1;2.6;5.8;4.4;1.7;2.7;1.7
34;51213 t/m 51215 Veevoeders;1999;0.5;2.2;2.7;7.1;5.4;2.2;3.1;2.2
35;51216 + 51218 Overige akkerbouwproducten;1993;0.1;0.4;3.3;1.5;0.7;0.4;0.3;0.7
36;51216 + 51218 Overige akkerbouwproducten;1994;0.1;0.9;3.5;2.5;1.6;0.8;0.8;1.0
37;51216 + 51218 Overige akkerbouwproducten;1995;0.1;1.0;3.9;2.7;1.9;0.9;1.0;0.9
38;51216 + 51218 Overige akkerbouwproducten;1996;0.2;0.9;4.0;2.7;1.7;0.8;0.9;1.0
39;51216 + 51218 Overige akkerbouwproducten;1997;0.2;1.0;4.3;2.8;1.8;0.9;0.9;1.2
40;51216 + 51218 Overige akkerbouwproducten;1998;0.2;1.1;4.5;2.9;1.7;0.9;0.8;1.4
41;51216 + 51218 Overige akkerbouwproducten;1999;0.1;1.0;4.7;3.0;1.8;0.9;0.9;1.3
42;51217 Akkerbouwproducten alg.assortiment;1993;0.5;3.1;1.6;12.6;9.9;5.0;4.9;3.3
43;51217 Akkerbouwproducten alg.assortiment;1994;0.5;3.3;2.0;12.2;10.6;4.5;6.1;2.1
44;51217 Akkerbouwproducten alg.assortiment;1995;0.6;3.1;1.7;10.8;8.8;4.2;4.6;3.2
45;51217 Akkerbouwproducten alg.assortiment;1996;0.6;2.9;1.7;11.4;10.2;4.2;6.0;2.3
46;51217 Akkerbouwproducten alg.assortiment;1997;0.6;3.5;1.9;11.1;10.1;4.7;5.4;1.6
47;51217 Akkerbouwproducten alg.assortiment;1998;0.6;3.6;2.0;12.0;11.0;5.0;6.0;1.7
48;51217 Akkerbouwproducten alg.assortiment;1999;0.6;3.1;1.8;11.5;10.2;4.8;5.4;1.8
49;5122 Bloemen en planten;1993;2.3;18.1;4.8;24.0;19.3;8.1;11.2;5.2
50;5122 Bloemen en planten;1994;2.3;18.1;4.8;24.6;21.7;8.3;13.4;3.4
51;5122 Bloemen en planten;1995;2.1;18.8;5.0;23.9;20.7;7.9;12.8;3.7
52;5122 Bloemen en planten;1996;2.4;20.2;5.4;21.8;18.9;7.6;11.3;3.3
53;5122 Bloemen en planten;1997;2.5;22.1;6.2;22.2;19.2;7.6;11.6;3.4
54;5122 Bloemen en planten;1998;2.7;23.8;6.7;21.5;18.8;7.5;11.3;3.3
55;5122 Bloemen en planten;1999;2.6;24.1;6.9;23.0;19.9;8.4;11.5;3.5
56;5123 Levende dieren;1993;1.6;3.5;3.8;5.2;3.5;1.3;2.2;1.8
57;5123 Levende dieren;1994;1.5;3.5;3.0;6.1;4.6;1.4;3.2;1.8
58;5123 Levende dieren;1995;1.5;3.7;3.6;6.4;4.0;1.3;2.7;3.1
59;5123 Levende dieren;1996;1.7;4.0;4.2;7.0;7.0;1.4;5.6;1.5
60;5123 Levende dieren;1997;1.7;4.0;3.3;5.0;4.2;1.2;3.0;1.1
61;5123 Levende dieren;1998;1.7;3.9;3.4;4.7;4.1;1.2;2.9;1.0
62;5123 Levende dieren;1999;1.7;4.5;3.5;6.3;6.0;2.3;3.7;0.7
63;5124 +5125 Huiden, vellen, leder, tabak;1993;0.1;0.8;0.6;12.7;9.0;4.8;4.2;4.0
64;5124 +5125 Huiden, vellen, leder, tabak;1994;0.1;0.8;0.7;11.1;8.5;3.8;4.7;3.0
65;5124 +5125 Huiden, vellen, leder, tabak;1995;0.1;0.9;0.6;10.6;9.3;4.3;5.0;1.7
66;5124 +5125 Huiden, vellen, leder, tabak;1996;0.1;0.9;0.5;11.6;9.0;4.3;4.7;2.7
67;5124 +5125 Huiden, vellen, leder, tabak;1997;0.1;0.9;0.6;11.9;9.0;4.2;4.8;3.3
68;5124 +5125 Huiden, vellen, leder, tabak;1998;0.1;0.5;0.5;11.4;9.4;4.4;5.0;2.5
69;5124 +5125 Huiden, vellen, leder, tabak;1999;0.1;0.5;0.5;14.0;11.4;5.6;5.8;3.2
70;5151 Brandstoffen e.d.;1993;0.6;5.0;6.0;9.3;6.4;2.9;3.5;3.0
71;5151 Brandstoffen e.d.;1994;0.6;5.3;6.0;9.2;7.7;2.8;4.9;2.0
72;5151 Brandstoffen e.d.;1995;0.6;5.6;6.4;9.9;7.2;2.8;4.4;2.7
73;5151 Brandstoffen e.d.;1996;0.6;5.5;7.3;10.7;9.2;3.7;5.5;2.0
74;5151 Brandstoffen e.d.;1997;0.6;5.5;7.8;10.2;8.4;3.3;5.1;2.2
75;5151 Brandstoffen e.d.;1998;0.6;6.2;7.4;9.5;7.8;3.0;4.8;2.2
76;5151 Brandstoffen e.d.;1999;0.6;6.4;9.6;8.7;6.9;2.6;4.4;2.2
77;5152 Metalen en metaalertsen;1993;0.5;7.1;3.1;12.0;8.8;4.9;3.9;3.4
78;5152 Metalen en metaalertsen;1994;0.5;7.5;3.5;12.4;9.6;5.3;4.3;3.0
79;5152 Metalen en metaalertsen;1995;0.6;8.1;3.9;11.8;8.9;4.5;4.4;3.3
80;5152 Metalen en metaalertsen;1996;0.6;8.0;4.3;11.7;9.2;4.6;4.6;2.7
81;5152 Metalen en metaalertsen;1997;0.6;8.3;4.4;11.9;9.0;4.6;4.4;3.3
82;5152 Metalen en metaalertsen;1998;0.7;8.8;4.7;11.6;9.2;4.8;4.4;2.7
83;5152 Metalen en metaalertsen;1999;0.6;9.0;6.3;12.1;10.0;5.4;4.6;2.5
84;5153 Hout en bouwmaterialen;1993;4.8;44.5;12.1;22.9;17.5;9.9;7.6;5.8
85;5153 Hout en bouwmaterialen;1994;4.6;43.0;12.4;22.9;18.8;9.7;9.1;4.5
86;5153 Hout en bouwmaterialen;1995;4.9;45.4;13.3;22.2;17.9;9.2;8.7;4.9
87;5153 Hout en bouwmaterialen;1996;5.0;49.4;13.2;22.9;19.2;9.6;9.6;4.2
88;5153 Hout en bouwmaterialen;1997;5.4;50.2;14.4;22.4;18.4;9.6;8.8;4.5
89;5153 Hout en bouwmaterialen;1998;5.7;55.2;15.4;22.8;19.0;9.9;9.1;4.3
90;5153 Hout en bouwmaterialen;1999;5.6;55.6;16.3;23.4;19.4;10.2;9.2;4.7
91;51531 Hout en plaatmateriaal;1993;0.8;9.8;2.8;24.1;17.4;10.3;7.1;7.0
92;51531 Hout en plaatmateriaal;1994;0.7;9.6;2.9;23.3;18.5;9.9;8.6;5.2
93;51531 Hout en plaatmateriaal;1995;0.8;10.3;3.0;22.1;18.4;9.6;8.8;4.3
94;51531 Hout en plaatmateriaal;1996;0.8;10.6;3.2;21.1;17.5;9.4;8.1;4.0
95;51531 Hout en plaatmateriaal;1997;1.0;10.4;3.7;19.4;16.0;8.5;7.5;3.9
96;51531 Hout en plaatmateriaal;1998;1.1;11.5;3.6;21.0;17.5;9.5;8.0;4.1
97;51531 Hout en plaatmateriaal;1999;1.0;11.7;3.6;21.6;17.6;9.6;8.0;4.6
98;51532 Verf en verfwaren;1993;0.3;2.8;0.5;32.1;25.9;14.6;11.3;6.7
99;51532 Verf en verfwaren;1994;0.3;2.7;0.5;31.3;27.0;13.2;13.8;4.9
100;51532 Verf en verfwaren;1995;0.3;2.8;0.5;30.6;24.7;12.5;12.2;6.5
101;51532 Verf en verfwaren;1996;0.3;2.9;0.5;32.2;27.0;14.1;12.9;5.7
102;51532 Verf en verfwaren;1997;0.3;2.9;0.6;31.1;26.2;13.7;12.5;5.6
103;51532 Verf en verfwaren;1998;0.3;3.2;0.7;31.5;26.5;13.6;12.9;5.5
104;51532 Verf en verfwaren;1999;0.3;3.5;0.7;31.5;27.1;14.6;12.5;5.2
105;51534 Zand en grind;1993;0.4;1.9;0.6;19.9;13.1;5.7;7.4;7.1
106;51534 Zand en grind;1994;0.4;1.6;0.8;18.4;13.3;5.2;8.1;5.5
107;51534 Zand en grind;1995;0.4;1.5;0.8;17.3;12.4;4.9;7.5;5.6
108;51534 Zand en grind;1996;0.3;1.7;0.7;28.0;23.8;8.3;15.5;4.4
109;51534 Zand en grind;1997;0.3;1.7;0.7;22.7;18.9;6.9;12.0;4.5
110;51534 Zand en grind;1998;0.3;1.9;0.8;22.4;18.5;6.9;11.6;4.6
111;51534 Zand en grind;1999;0.3;1.9;0.9;22.5;20.1;7.7;12.4;5.5
112;51536 Sanitaire artikelen;1993;0.2;2.3;0.6;24.6;18.9;11.1;7.8;5.9
113;51536 Sanitaire artikelen;1994;0.2;2.4;0.6;24.1;21.6;11.4;10.2;2.7
114;51536 Sanitaire artikelen;1995;0.2;2.7;0.7;24.8;20.7;10.5;10.2;4.5
115;51536 Sanitaire artikelen;1996;0.3;3.0;0.7;22.5;18.4;9.8;8.6;4.3
116;51536 Sanitaire artikelen;1997;0.3;3.1;0.9;23.8;19.6;10.1;9.5;4.5
117;51536 Sanitaire artikelen;1998;0.3;3.4;1.0;24.7;21.0;10.5;10.5;3.9
118;51536 Sanitaire artikelen;1999;0.3;3.4;0.9;23.1;19.6;10.1;9.5;3.6
119;51533+51535+51537 Overige bouwmaterialen;1993;1.2;9.3;2.6;20.7;16.7;9.4;7.3;4.3
120;51533+51535+51537 Overige bouwmaterialen;1994;1.2;8.8;2.7;20.8;17.1;8.7;8.4;4.1
121;51533+51535+51537 Overige bouwmaterialen;1995;1.5;10.2;3.0;20.9;16.6;8.4;8.3;4.7
122;51533+51535+51537 Overige bouwmaterialen;1996;1.6;10.8;2.9;23.2;19.7;9.5;10.2;3.8
123;51533+51535+51537 Overige bouwmaterialen;1997;1.7;11.7;3.0;23.9;19.3;10.1;9.2;5.1
124;51533+51535+51537 Overige bouwmaterialen;1998;1.8;13.7;3.6;23.2;19.1;10.0;9.1;4.6
125;51533+51535+51537 Overige bouwmaterialen;1999;1.8;13.6;3.8;24.4;19.6;10.3;9.3;5.3
126;51538 Bouwmaterialen algemeen assortimen;1993;0.8;8.3;2.8;18.7;14.9;7.9;7.0;4.2
127;51538 Bouwmaterialen algemeen assortimen;1994;0.8;7.9;2.6;19.7;17.0;8.2;8.8;3.3
128;51538 Bouwmaterialen algemeen assortimen;1995;0.8;7.9;2.7;18.5;15.7;7.9;7.8;3.5
129;51538 Bouwmaterialen algemeen assortimen;1996;0.8;8.6;2.6;18.5;16.2;8.0;8.2;3.0
130;51538 Bouwmaterialen algemeen assortimen;1997;0.8;8.9;2.8;18.1;15.4;8.3;7.1;3.1
131;51538 Bouwmaterialen algemeen assortimen;1998;0.8;9.2;2.9;17.9;15.6;8.5;7.1;2.7
132;51538 Bouwmaterialen algemeen assortimen;1999;0.8;8.9;3.2;18.8;15.8;8.9;7.0;3.3
133;51541 IJzer- en metaalwaren;1993;0.8;8.1;1.5;29.7;22.5;13.9;8.6;7.7
134;51541 IJzer- en metaalwaren;1994;0.7;7.6;1.5;29.5;24.4;14.0;10.4;5.7
135;51541 IJzer- en metaalwaren;1995;0.8;8.7;1.9;29.1;22.4;12.6;9.8;7.3
136;51541 IJzer- en metaalwaren;1996;0.8;9.3;2.0;26.7;21.5;11.2;10.3;5.8
137;51541 IJzer- en metaalwaren;1997;0.9;9.6;2.1;28.5;22.8;12.3;10.5;6.1
138;51541 IJzer- en metaalwaren;1998;0.9;10.2;2.4;28.0;22.7;12.3;10.4;5.8
139;51541 IJzer- en metaalwaren;1999;0.9;10.6;2.5;28.8;23.6;12.7;11.0;5.7
140;51542 Verwarmingsapparatuur;1993;0.1;1.7;0.5;22.7;16.5;8.9;7.6;6.2
141;51542 Verwarmingsapparatuur;1994;0.1;1.7;0.5;23.0;18.0;8.8;9.2;5.3
142;51542 Verwarmingsapparatuur;1995;0.1;1.7;0.5;23.0;18.5;9.0;9.5;4.9
143;51542 Verwarmingsapparatuur;1996;0.1;2.0;0.7;22.5;17.0;8.3;8.7;5.9
144;51542 Verwarmingsapparatuur;1997;0.2;1.8;0.6;21.6;16.6;8.1;8.5;5.3
145;51542 Verwarmingsapparatuur;1998;0.2;2.0;0.6;22.2;18.1;9.0;9.1;4.5
146;51542 Verwarmingsapparatuur;1999;0.1;2.0;0.7;22.8;18.3;9.4;9.0;5.0
147;5155 Chemische producten;1993;1.3;10.3;5.8;16.9;12.9;6.3;6.6;4.6
148;5155 Chemische producten;1994;1.2;10.0;6.0;17.1;13.9;6.4;7.5;3.7
149;5155 Chemische producten;1995;1.1;10.4;6.4;16.8;13.1;5.7;7.4;4.3
150;5155 Chemische producten;1996;1.2;10.9;6.2;17.9;14.8;5.9;8.9;3.9
151;5155 Chemische producten;1997;1.3;9.8;6.6;17.0;13.3;5.7;7.6;4.1
152;5155 Chemische producten;1998;1.3;10.7;7.4;17.5;14.0;5.9;8.1;4.1
153;5155 Chemische producten;1999;1.3;11.1;7.7;18.1;14.1;6.1;8.0;4.9
154;5156 Overige intermediaire goederen;1993;0.2;2.2;1.0;18.8;14.5;6.9;7.6;4.2
155;5156 Overige intermediaire goederen;1994;0.2;2.2;1.0;20.0;15.0;6.8;8.2;4.8
156;5156 Overige intermediaire goederen;1995;0.2;2.5;1.4;16.3;12.4;5.6;6.8;4.5
157;5156 Overige intermediaire goederen;1996;0.2;2.5;1.2;18.1;14.3;6.8;7.5;4.6
158;5156 Overige intermediaire goederen;1997;0.2;2.4;1.2;18.4;14.0;6.9;7.1;5.1
159;5156 Overige intermediaire goederen;1998;0.3;2.3;1.3;18.0;14.7;6.9;7.8;6.4
160;5156 Overige intermediaire goederen;1999;0.3;2.5;1.1;21.1;17.0;8.6;8.4;4.6
161;5157 Afval en schroot;1993;1.4;7.0;2.1;22.5;15.8;6.5;9.3;6.9
162;5157 Afval en schroot;1994;1.4;7.0;2.2;22.0;17.9;6.5;11.4;4.7
163;5157 Afval en schroot;1995;1.1;5.8;2.3;20.0;15.1;5.4;9.7;5.4
164;5157 Afval en schroot;1996;1.2;7.1;2.3;17.5;14.0;4.3;9.7;3.8
165;5157 Afval en schroot;1997;1.3;7.2;2.6;21.0;16.5;5.9;10.6;5.0
166;5157 Afval en schroot;1998;1.4;5.3;2.3;21.9;18.5;6.7;11.8;4.0
167;5157 Afval en schroot;1999;1.3;5.2;2.4;23.7;19.4;6.8;12.6;4.8
168;513, 514, 51715+5172 Consumentengoederen;1993;24.9;161.1;60.9;18.2;14.0;6.6;7.4;4.7
169;513, 514, 51715+5172 Consumentengoederen;1994;22.5;157.3;60.4;18.5;15.6;6.7;8.9;3.6
170;513, 514, 51715+5172 Consumentengoederen;1995;23.8;168.9;63.3;18.3;15.2;6.4;8.8;4.5
171;513, 514, 51715+5172 Consumentengoederen;1996;25.8;172.1;68.2;18.3;15.7;6.3;9.4;3.5
172;513, 514, 51715+5172 Consumentengoederen;1997;27.1;183.8;74.3;19.2;16.3;6.3;10.0;3.8
173;513, 514, 51715+5172 Consumentengoederen;1998;28.6;189.0;82.3;19.5;16.4;6.2;10.2;3.9
174;513, 514, 51715+5172 Consumentengoederen;1999;27.1;198.8;87.4;20.0;16.7;6.7;10.0;4.0
175;513 Voedings- en genotmiddelen;1993;6.8;63.8;32.9;12.7;9.5;4.7;4.8;3.5
176;513 Voedings- en genotmiddelen;1994;6.0;63.2;32.6;12.9;10.8;4.8;6.0;2.4
177;513 Voedings- en genotmiddelen;1995;6.0;66.7;33.3;12.5;10.8;4.8;6.0;3.0
178;513 Voedings- en genotmiddelen;1996;6.8;71.6;35.3;12.5;10.9;4.5;6.4;2.3
179;513 Voedings- en genotmiddelen;1997;7.2;74.1;37.2;12.9;11.1;4.7;6.5;2.4
180;513 Voedings- en genotmiddelen;1998;7.7;77.5;40.4;13.1;11.3;4.8;6.6;2.6
181;513 Voedings- en genotmiddelen;1999;7.4;80.8;42.1;13.7;11.9;5.2;6.7;2.6
182;5131 Aardappelen, groente, fruit;1993;1.3;11.1;6.6;13.4;10.3;4.1;6.2;3.3
183;5131 Aardappelen, groente, fruit;1994;1.2;12.2;7.5;13.9;11.9;4.1;7.8;2.2
184;5131 Aardappelen, groente, fruit;1995;1.1;13.7;8.0;13.5;11.5;4.1;7.4;3.1
185;5131 Aardappelen, groente, fruit;1996;1.4;14.8;7.9;15.0;13.4;4.1;9.3;2.0
186;5131 Aardappelen, groente, fruit;1997;1.4;15.7;8.0;16.5;14.1;4.5;9.6;2.8
187;5131 Aardappelen, groente, fruit;1998;1.5;16.9;9.1;15.5;13.4;4.7;8.7;2.7
188;5131 Aardappelen, groente, fruit;1999;1.4;17.2;9.0;16.2;14.4;5.1;9.2;2.3
189;5132 Vlees(waren), pluimvee, wild e .d.;1993;1.1;10.6;4.3;12.7;9.9;5.6;4.2;3.1
190;5132 Vlees(waren), pluimvee, wild e .d.;1994;0.9;10.4;4.2;12.5;11.1;5.8;5.3;1.7
191;5132 Vlees(waren), pluimvee, wild e .d.;1995;1.0;10.6;4.1;11.8;11.5;5.9;5.7;2.3
192;5132 Vlees(waren), pluimvee, wild e .d.;1996;1.1;10.9;4.4;11.0;10.3;5.3;5.0;2.3
193;5132 Vlees(waren), pluimvee, wild e .d.;1997;1.1;12.0;5.2;11.6;10.7;5.3;5.4;2.3
194;5132 Vlees(waren), pluimvee, wild e .d.;1998;1.2;13.1;5.2;13.2;11.8;5.9;5.9;2.6
195;5132 Vlees(waren), pluimvee, wild e .d.;1999;1.1;14.3;5.2;14.9;13.0;6.7;6.2;2.5
196;5133 Zuivel, eieren, spijsoliÙn e.d.;1993;0.6;5.9;4.0;9.5;6.9;3.2;3.7;2.8
197;5133 Zuivel, eieren, spijsoliÙn e.d.;1994;0.6;5.8;3.9;9.8;7.9;3.5;4.5;2.1
198;5133 Zuivel, eieren, spijsoliÙn e.d.;1995;0.5;6.2;3.8;7.3;8.2;3.5;4.7;4.4
199;5133 Zuivel, eieren, spijsoliÙn e.d.;1996;0.6;6.3;4.6;6.9;6.9;2.9;4.0;1.8
200;5133 Zuivel, eieren, spijsoliÙn e.d.;1997;0.6;5.8;4.7;7.9;7.7;3.0;4.7;1.8
201;5133 Zuivel, eieren, spijsoliÙn e.d.;1998;0.6;6.3;5.1;8.0;7.6;2.9;4.7;1.8
202;5133 Zuivel, eieren, spijsoliÙn e.d.;1999;0.6;6.2;5.1;7.1;7.3;2.9;4.4;1.6
203;5134 Dranken;1993;1.0;5.7;2.4;16.4;12.7;6.5;6.2;3.8
204;5134 Dranken;1994;0.9;5.7;2.1;16.0;13.6;6.4;7.2;2.6
205;5134 Dranken;1995;0.8;5.9;2.2;16.1;13.6;6.3;7.3;2.8
206;5134 Dranken;1996;0.8;5.8;2.4;15.1;13.1;5.8;7.3;2.4
207;5134 Dranken;1997;0.9;5.5;2.6;14.3;12.4;5.1;7.3;2.4
208;5134 Dranken;1998;0.9;5.3;2.9;15.3;13.1;4.4;8.7;2.7
209;5134 Dranken;1999;0.9;5.7;3.5;15.4;12.6;4.2;8.4;3.1
210;5135 Tabaksproducten;1993;0.1;2.0;2.9;6.0;4.4;1.8;2.6;1.7
211;5135 Tabaksproducten;1994;0.1;1.9;2.9;6.1;4.7;1.8;2.9;1.5
212;5135 Tabaksproducten;1995;0.1;1.9;2.9;6.0;4.7;1.8;2.9;1.4
213;5135 Tabaksproducten;1996;0.1;1.7;2.6;7.0;5.1;1.8;3.3;2.1
214;5135 Tabaksproducten;1997;0.1;1.9;2.6;5.3;4.4;2.1;2.3;1.0
215;5135 Tabaksproducten;1998;0.1;2.1;2.9;5.4;4.6;2.2;2.4;1.1
216;5135 Tabaksproducten;1999;0.1;2.0;2.9;5.8;4.7;2.3;2.4;1.3
217;5136 Suiker, chocolade en suikerwerk;1993;0.3;2.3;1.0;14.7;12.1;4.7;7.4;3.0
218;5136 Suiker, chocolade en suikerwerk;1994;0.3;2.1;0.8;19.1;17.4;6.5;10.9;2.2
219;5136 Suiker, chocolade en suikerwerk;1995;0.3;2.1;0.9;18.6;15.6;5.7;9.9;3.2
220;5136 Suiker, chocolade en suikerwerk;1996;0.3;2.6;0.7;17.4;17.4;6.0;11.4;0.8
221;5136 Suiker, chocolade en suikerwerk;1997;0.3;1.4;0.5;22.4;18.5;6.6;11.9;5.1
222;5136 Suiker, chocolade en suikerwerk;1998;0.2;1.5;0.5;21.9;17.9;5.8;12.2;4.7
223;5136 Suiker, chocolade en suikerwerk;1999;0.2;1.4;0.5;21.3;18.0;6.2;11.8;4.4
224;5137 Koffie, thee, cacao, specerijen;1993;0.1;1.2;0.6;16.2;10.1;5.7;4.4;6.2
225;5137 Koffie, thee, cacao, specerijen;1994;0.1;1.3;0.5;21.4;12.9;6.5;6.4;8.7
226;5137 Koffie, thee, cacao, specerijen;1995;0.1;1.4;0.5;27.3;14.9;8.6;6.3;12.9
227;5137 Koffie, thee, cacao, specerijen;1996;0.1;1.4;0.3;36.2;26.3;12.2;14.1;10.8
228;5137 Koffie, thee, cacao, specerijen;1997;0.1;1.5;0.3;31.5;23.7;13.0;10.7;8.6
229;5137 Koffie, thee, cacao, specerijen;1998;0.2;1.4;0.4;31.0;26.2;13.4;12.8;5.5
230;5137 Koffie, thee, cacao, specerijen;1999;0.1;1.6;0.4;36.1;28.1;15.9;12.2;8.7
231;5138 Overige voedings- en genotmiddelen;1993;1.3;10.9;4.3;19.9;14.3;6.4;7.9;5.9
232;5138 Overige voedings- en genotmiddelen;1994;1.3;10.8;4.0;19.7;15.4;7.0;8.4;4.8
233;5138 Overige voedings- en genotmiddelen;1995;1.4;11.9;4.3;20.0;16.0;6.2;9.8;4.5
234;5138 Overige voedings- en genotmiddelen;1996;1.6;13.4;4.4;17.2;14.5;6.3;8.2;3.3
235;5138 Overige voedings- en genotmiddelen;1997;1.7;15.0;4.9;17.2;14.2;6.2;8.0;3.6
236;5138 Overige voedings- en genotmiddelen;1998;1.9;14.3;5.3;17.2;14.1;6.0;8.1;3.7
237;5138 Overige voedings- en genotmiddelen;1999;1.8;15.1;5.8;18.2;15.1;7.0;8.1;3.7
238;5139 Voedingsmiddelen alg. assortiment;1993;0.6;12.9;6.7;10.9;8.4;5.0;3.4;3.0
239;5139 Voedingsmiddelen alg. assortiment;1994;0.5;12.9;6.5;11.7;9.8;5.2;4.6;2.2
240;5139 Voedingsmiddelen alg. assortiment;1995;0.6;13.1;6.7;11.2;9.6;5.1;4.5;2.2
241;5139 Voedingsmiddelen alg. assortiment;1996;0.9;14.7;7.9;11.2;9.3;4.7;4.6;2.4
242;5139 Voedingsmiddelen alg. assortiment;1997;1.0;15.3;8.5;11.5;9.8;4.8;5.0;2.3
243;5139 Voedingsmiddelen alg. assortiment;1998;1.1;16.6;9.1;11.5;10.0;5.0;5.0;2.4
244;5139 Voedingsmiddelen alg. assortiment;1999;1.1;17.0;9.7;11.9;10.6;5.3;5.2;2.5
245;5141 + 5142 Textiel, kleding, schoeisel;1993;3.7;15.4;4.5;24.3;19.4;5.8;13.6;8.5
246;5141 + 5142 Textiel, kleding, schoeisel;1994;3.1;14.6;4.3;24.1;21.1;8.5;12.6;4.4
247;5141 + 5142 Textiel, kleding, schoeisel;1995;3.2;15.8;4.4;25.3;21.1;8.2;12.9;5.3
248;5141 + 5142 Textiel, kleding, schoeisel;1996;3.7;15.3;5.8;22.8;20.2;7.1;13.1;3.6
249;5141 + 5142 Textiel, kleding, schoeisel;1997;3.9;18.8;7.4;27.6;24.6;6.3;18.3;3.7
250;5141 + 5142 Textiel, kleding, schoeisel;1998;4.1;17.6;8.3;29.3;25.6;6.1;19.5;4.3
251;5141 + 5142 Textiel, kleding, schoeisel;1999;3.9;16.9;9.1;27.4;23.1;6.2;16.9;4.9
252;5141 Stoffen,fournituren,huishoudtextiel;1993;;;;;;;;
253;5141 Stoffen,fournituren,huishoudtextiel;1994;;;;;;;;
254;5141 Stoffen,fournituren,huishoudtextiel;1995;;;;;;;;
255;5141 Stoffen,fournituren,huishoudtextiel;1996;0.5;2.2;0.6;22.7;20.8;8.9;11.9;3.5
256;5141 Stoffen,fournituren,huishoudtextiel;1997;0.5;2.2;0.7;22.5;18.2;8.3;9.9;4.7
257;5141 Stoffen,fournituren,huishoudtextiel;1998;0.5;1.8;0.7;24.5;20.1;8.2;11.9;4.5
258;5141 Stoffen,fournituren,huishoudtextiel;1999;0.5;1.8;0.7;22.2;18.0;8.0;10.1;4.7
259;51421 Bovenkleding;1993;;;;;;;;
260;51421 Bovenkleding;1994;;;;;;;;
261;51421 Bovenkleding;1995;;;;;;;;
262;51421 Bovenkleding;1996;2.1;8.5;3.6;22.8;20.8;6.7;14.1;3.0
263;51421 Bovenkleding;1997;2.2;11.6;3.5;22.7;19.4;6.9;12.5;4.2
264;51421 Bovenkleding;1998;2.3;11.6;3.9;23.8;19.2;6.8;12.4;5.5
265;51421 Bovenkleding;1999;2.2;10.9;4.6;23.3;18.0;6.5;11.5;5.8
266;51422 t/m 51426 Overige textiel,schoenen;1993;;;;;;;;
267;51422 t/m 51426 Overige textiel,schoenen;1994;;;;;;;;
268;51422 t/m 51426 Overige textiel,schoenen;1995;;;;;;;;
269;51422 t/m 51426 Overige textiel,schoenen;1996;1.2;4.6;1.6;22.7;18.7;7.1;11.6;4.8
270;51422 t/m 51426 Overige textiel,schoenen;1997;1.2;5.0;3.1;34.2;31.7;5.2;26.5;2.9
271;51422 t/m 51426 Overige textiel,schoenen;1998;1.3;4.2;3.8;35.8;33.2;5.1;28.1;2.9
272;51422 t/m 51426 Overige textiel,schoenen;1999;1.2;4.1;3.9;33.2;30.1;5.5;24.5;3.1
273;5143 Consumenten elektronica;1993;1.4;10.1;3.7;20.0;16.6;7.5;9.1;3.7
274;5143 Consumenten elektronica;1994;1.4;9.8;3.5;20.3;18.2;7.5;10.7;2.7
275;5143 Consumenten elektronica;1995;1.4;10.5;3.7;20.9;18.6;7.5;11.1;2.9
276;5143 Consumenten elektronica;1996;1.5;10.6;3.9;20.7;19.1;7.8;11.3;2.2
277;5143 Consumenten elektronica;1997;1.7;11.2;4.2;23.5;20.6;8.2;12.4;3.8
278;5143 Consumenten elektronica;1998;1.7;12.2;4.7;22.4;19.3;7.8;11.5;3.7
279;5143 Consumenten elektronica;1999;1.7;12.2;5.1;22.2;19.2;8.1;11.1;4.0
280;5144 Glas-, porselein en aardewerk;1993;0.7;3.6;1.0;30.2;23.5;8.3;15.2;7.1
281;5144 Glas-, porselein en aardewerk;1994;0.8;3.6;1.0;29.5;24.4;8.0;16.4;5.9
282;5144 Glas-, porselein en aardewerk;1995;0.9;4.2;1.0;31.2;25.0;8.9;16.1;6.7
283;5144 Glas-, porselein en aardewerk;1996;0.8;4.3;1.0;34.4;28.6;9.0;19.6;6.5
284;5144 Glas-, porselein en aardewerk;1997;0.9;4.1;1.1;33.3;27.1;9.2;17.9;7.0
285;5144 Glas-, porselein en aardewerk;1998;1.0;3.5;1.3;32.4;26.2;8.8;17.4;7.0
286;5144 Glas-, porselein en aardewerk;1999;0.9;3.8;1.4;37.8;29.1;9.4;19.7;9.4
287;5145 Parfums en cosmetica;1993;0.7;4.3;0.8;40.0;34.7;12.9;21.8;7.2
288;5145 Parfums en cosmetica;1994;0.6;4.2;0.9;40.5;36.3;12.5;23.8;6.1
289;5145 Parfums en cosmetica;1995;0.6;4.7;1.0;39.1;35.2;12.1;23.1;6.7
290;5145 Parfums en cosmetica;1996;0.6;4.6;1.0;35.4;32.0;11.2;20.8;4.5
291;5145 Parfums en cosmetica;1997;0.6;4.9;1.1;36.5;31.2;11.4;19.8;6.2
292;5145 Parfums en cosmetica;1998;0.7;5.0;1.3;35.8;30.9;10.9;20.0;6.3
293;5145 Parfums en cosmetica;1999;0.6;5.1;1.3;36.7;31.3;10.8;20.5;6.5
294;5146 Farmaceutische, medische producten;1993;1.7;16.2;5.7;25.9;20.3;9.9;10.4;6.8
295;5146 Farmaceutische, medische producten;1994;1.5;16.6;6.1;25.2;20.7;9.5;11.2;5.7
296;5146 Farmaceutische, medische producten;1995;1.6;17.4;6.7;24.8;19.7;9.1;10.6;6.6
297;5146 Farmaceutische, medische producten;1996;1.6;17.3;7.9;24.7;20.6;8.0;12.6;5.0
298;5146 Farmaceutische, medische producten;1997;1.7;17.5;8.8;24.4;20.2;8.0;12.2;4.9
299;5146 Farmaceutische, medische producten;1998;1.8;19.8;9.9;24.7;19.8;7.9;11.9;5.7
300;5146 Farmaceutische, medische producten;1999;1.8;20.6;10.9;23.8;19.7;8.1;11.6;5.1
301;51461 Farmaceutische producten;1993;;;;;;;;
302;51461 Farmaceutische producten;1994;;;;;;;;
303;51461 Farmaceutische producten;1995;;;;;;;;
304;51461 Farmaceutische producten;1996;0.5;8.7;5.9;21.3;18.3;6.0;12.3;3.7
305;51461 Farmaceutische producten;1997;0.6;8.8;6.5;21.5;18.0;6.1;11.9;4.1
306;51461 Farmaceutische producten;1998;0.6;10.1;7.3;22.3;17.7;6.2;11.5;5.4
307;51461 Farmaceutische producten;1999;0.6;10.7;8.1;20.7;16.9;6.0;10.9;4.9
308;51462 Medische insrumenten e.d.;1993;;;;;;;;
309;51462 Medische insrumenten e.d.;1994;;;;;;;;
310;51462 Medische insrumenten e.d.;1995;;;;;;;;
311;51462 Medische insrumenten e.d.;1996;1.1;8.6;2.0;33.3;26.6;12.9;13.7;7.4
312;51462 Medische insrumenten e.d.;1997;1.1;8.7;2.2;32.9;26.6;13.4;13.2;7.3
313;51462 Medische insrumenten e.d.;1998;1.2;9.7;2.7;31.2;25.5;12.6;12.9;6.5
314;51462 Medische insrumenten e.d.;1999;1.2;9.9;2.7;33.1;28.1;14.3;13.8;5.8
315;51471 t/m 51473 Sport- en kampeerartikel;1993;0.8;2.9;0.6;27.0;20.0;8.5;11.5;7.6
316;51471 t/m 51473 Sport- en kampeerartikel;1994;0.8;2.9;0.7;25.6;20.7;8.6;12.1;5.4
317;51471 t/m 51473 Sport- en kampeerartikel;1995;0.9;3.5;0.8;27.5;21.6;7.9;13.7;6.7
318;51471 t/m 51473 Sport- en kampeerartikel;1996;1.0;3.9;0.8;26.7;23.5;7.9;15.6;5.2
319;51471 t/m 51473 Sport- en kampeerartikel;1997;1.1;4.5;1.0;19.9;18.0;7.0;11.0;4.6
320;51471 t/m 51473 Sport- en kampeerartikel;1998;1.2;4.3;1.0;20.3;17.9;6.9;11.0;3.8
321;51471 t/m 51473 Sport- en kampeerartikel;1999;1.2;4.7;1.2;23.3;21.2;8.9;12.3;3.9
322;51474 Speelgoed;1993;0.3;1.1;0.5;24.5;20.3;6.2;14.1;4.6
323;51474 Speelgoed;1994;0.3;1.2;0.4;24.6;22.6;7.2;15.4;2.2
324;51474 Speelgoed;1995;0.3;2.4;0.5;28.9;23.8;6.6;17.2;5.7
325;51474 Speelgoed;1996;0.3;1.5;1.7;24.6;16.3;2.7;13.6;9.2
326;51474 Speelgoed;1997;0.3;2.1;1.9;24.4;16.1;2.8;13.3;9.3
327;51474 Speelgoed;1998;0.4;2.0;2.5;21.8;14.0;1.7;12.3;8.2
328;51474 Speelgoed;1999;0.3;1.8;2.5;22.6;14.3;2.0;12.2;8.7
329;51475 t/m 51477 Optische, juweliers art.;1993;0.8;4.8;1.3;27.9;21.6;10.7;10.9;6.8
330;51475 t/m 51477 Optische, juweliers art.;1994;0.7;4.8;1.3;27.9;22.3;11.2;11.1;6.0
331;51475 t/m 51477 Optische, juweliers art.;1995;0.7;4.5;1.3;27.0;22.2;9.9;12.3;5.1
332;51475 t/m 51477 Optische, juweliers art.;1996;0.7;4.0;1.3;25.3;19.6;8.6;11.0;6.0
333;51475 t/m 51477 Optische, juweliers art.;1997;0.8;3.6;1.4;24.0;20.3;9.1;11.2;4.7
334;51475 t/m 51477 Optische, juweliers art.;1998;0.8;3.0;1.5;25.2;20.4;9.4;11.0;5.8
335;51475 t/m 51477 Optische, juweliers art.;1999;0.8;3.2;1.5;26.2;20.8;8.8;12.0;5.8
336;51479 Huismeubilair;1993;0.8;4.2;1.0;27.6;22.0;9.5;12.5;5.9
337;51479 Huismeubilair;1994;0.9;3.7;1.2;25.8;18.5;7.3;11.2;7.5
338;51479 Huismeubilair;1995;0.9;3.4;1.5;21.0;14.5;4.7;9.8;6.7
339;51479 Huismeubilair;1996;0.9;3.5;0.8;25.9;24.5;7.1;17.4;4.1
340;51479 Huismeubilair;1997;1.1;4.5;0.9;29.1;24.5;9.9;14.6;5.7
341;51479 Huismeubilair;1998;1.2;4.6;1.0;29.1;24.5;9.9;14.6;5.6
342;51479 Huismeubilair;1999;1.2;6.2;1.1;28.8;24.9;10.7;14.2;5.1
343;51481 Woningtextiel en vloerbedekking;1993;0.5;3.3;0.8;27.5;21.6;11.2;10.4;6.6
344;51481 Woningtextiel en vloerbedekking;1994;0.5;3.3;0.8;28.5;23.0;11.8;11.2;6.2
345;51481 Woningtextiel en vloerbedekking;1995;0.5;4.0;0.8;30.2;25.5;11.3;14.2;5.6
346;51481 Woningtextiel en vloerbedekking;1996;0.5;3.8;0.8;29.1;25.8;12.7;13.1;5.2
347;51481 Woningtextiel en vloerbedekking;1997;0.6;4.3;0.9;27.7;23.9;10.7;13.2;4.2
348;51481 Woningtextiel en vloerbedekking;1998;0.6;3.8;1.0;28.0;24.0;10.6;13.4;4.4
349;51481 Woningtextiel en vloerbedekking;1999;0.6;3.7;0.9;30.9;27.7;12.5;15.1;3.4
350;51482 Huishoudelijke artikelen;1993;0.2;2.3;0.5;27.7;19.1;9.2;9.9;8.9
351;51482 Huishoudelijke artikelen;1994;0.2;2.1;0.5;30.1;19.2;8.7;10.5;11.2
352;51482 Huishoudelijke artikelen;1995;0.2;1.9;0.5;29.4;19.7;8.4;11.3;10.0
353;51482 Huishoudelijke artikelen;1996;0.3;1.9;0.5;28.5;23.4;10.5;12.9;5.4
354;51482 Huishoudelijke artikelen;1997;0.3;2.2;0.6;27.7;24.1;9.8;14.3;4.3
355;51482 Huishoudelijke artikelen;1998;0.3;2.3;0.6;26.9;22.3;9.6;12.7;5.2
356;51482 Huishoudelijke artikelen;1999;0.3;2.5;0.7;27.5;22.2;9.8;12.4;5.6
357;51483 t/m 51485 Drukwerk, papierwaren;1993;0.9;9.5;2.3;27.0;21.0;10.8;10.2;6.0
358;51483 t/m 51485 Drukwerk, papierwaren;1994;1.1;9.8;2.4;25.4;19.9;10.3;9.6;5.4
359;51483 t/m 51485 Drukwerk, papierwaren;1995;1.0;9.7;2.5;25.3;23.3;9.9;13.4;2.5
360;51483 t/m 51485 Drukwerk, papierwaren;1996;1.0;9.8;2.6;25.9;21.0;10.2;10.8;5.7
361;51483 t/m 51485 Drukwerk, papierwaren;1997;1.1;9.8;2.8;24.2;20.0;9.9;10.1;5.6
362;51483 t/m 51485 Drukwerk, papierwaren;1998;1.1;10.5;3.1;25.0;21.0;9.5;11.5;4.7
363;51483 t/m 51485 Drukwerk, papierwaren;1999;1.1;12.0;3.6;26.8;21.1;9.8;11.4;6.5
364;51486 Fietsen en bromfietsen;1993;0.3;1.4;0.5;19.3;15.0;8.0;7.0;6.7
365;51486 Fietsen en bromfietsen;1994;0.2;1.5;0.5;18.8;15.6;8.4;7.2;6.4
366;51486 Fietsen en bromfietsen;1995;0.3;1.6;0.5;21.5;17.2;8.2;9.0;4.3
367;51486 Fietsen en bromfietsen;1996;0.3;1.6;0.4;20.7;18.0;7.8;10.2;3.4
368;51486 Fietsen en bromfietsen;1997;0.3;1.7;0.5;22.9;19.1;8.3;10.8;4.4
369;51486 Fietsen en bromfietsen;1998;0.3;1.8;0.5;23.8;19.7;8.5;11.2;4.8
370;51486 Fietsen en bromfietsen;1999;0.3;1.8;0.6;25.7;20.8;9.6;11.1;5.4
371;51715 Overige non food consumenten art.;1993;;;;;;;;
372;51715 Overige non food consumenten art.;1994;;;;;;;;
373;51715 Overige non food consumenten art.;1995;;;;;;;;
374;51715 Overige non food consumenten art.;1996;2.9;10.9;2.3;29.6;23.9;9.8;14.1;6.9
375;51715 Overige non food consumenten art.;1997;3.0;11.0;2.3;29.2;23.4;9.9;13.5;6.7
376;51715 Overige non food consumenten art.;1998;3.1;11.8;2.7;28.2;22.3;9.3;13.0;6.4
377;51715 Overige non food consumenten art.;1999;2.8;14.5;2.7;29.2;24.5;11.0;13.4;5.8
378;5172 Algemeen assortiment cons. goederen;1993;;;;;;;;
379;5172 Algemeen assortiment cons. goederen;1994;;;;;;;;
380;5172 Algemeen assortiment cons. goederen;1995;;;;;;;;
381;5172 Algemeen assortiment cons. goederen;1996;2.6;7.3;2.5;18.5;14.5;5.9;8.6;5.7
382;5172 Algemeen assortiment cons. goederen;1997;2.6;9.4;2.5;18.4;13.6;6.1;7.5;5.6
383;5172 Algemeen assortiment cons. goederen;1998;2.7;9.3;2.6;18.2;14.3;5.6;8.7;4.3
384;5172 Algemeen assortiment cons. goederen;1999;2.2;9.0;2.6;18.2;14.6;7.0;7.6;4.7
385;516 Machines, apparaten en toebehoren;1993;11.8;109.4;29.5;27.8;21.6;12.6;9.0;6.7
386;516 Machines, apparaten en toebehoren;1994;12.2;111.4;31.6;26.3;20.5;11.9;8.6;6.5
387;516 Machines, apparaten en toebehoren;1995;12.2;113.2;32.8;26.6;21.5;11.5;10.0;5.8
388;516 Machines, apparaten en toebehoren;1996;12.6;121.8;43.2;24.0;19.4;9.6;9.8;5.4
389;516 Machines, apparaten en toebehoren;1997;13.2;129.2;48.7;22.1;18.3;9.3;9.0;4.6
390;516 Machines, apparaten en toebehoren;1998;13.8;139.5;55.5;22.7;18.4;9.0;9.4;5.0
391;516 Machines, apparaten en toebehoren;1999;13.6;151.7;63.6;24.6;19.1;9.1;10.0;6.1
392;5161 Gereedschapswerktuigen;1993;0.7;4.4;0.7;30.2;26.2;14.9;11.3;4.4
393;5161 Gereedschapswerktuigen;1994;0.7;4.2;0.8;30.8;27.7;14.6;13.1;3.7
394;5161 Gereedschapswerktuigen;1995;0.7;4.2;0.8;31.0;26.8;14.3;12.5;5.3
395;5161 Gereedschapswerktuigen;1996;0.7;4.5;1.0;34.7;27.0;14.4;12.6;8.4
396;5161 Gereedschapswerktuigen;1997;0.7;4.4;1.0;30.4;24.3;12.9;11.4;6.7
397;5161 Gereedschapswerktuigen;1998;0.7;4.6;1.0;31.7;25.7;14.1;11.6;6.9
398;5161 Gereedschapswerktuigen;1999;0.7;5.3;1.1;30.5;25.9;14.3;11.6;5.5
399;5162 Machines voor de bouw;1993;0.4;2.9;0.8;24.3;18.7;11.4;7.3;6.7
400;5162 Machines voor de bouw;1994;0.5;3.3;0.9;24.6;21.6;11.5;10.1;4.2
401;5162 Machines voor de bouw;1995;0.3;3.3;1.0;24.2;20.7;10.8;9.9;4.4
402;5162 Machines voor de bouw;1996;0.4;3.8;1.3;23.0;21.2;9.5;11.7;3.3
403;5162 Machines voor de bouw;1997;0.4;3.3;1.3;20.9;17.2;9.1;8.1;4.4
404;5162 Machines voor de bouw;1998;0.5;4.1;1.4;21.2;17.2;9.2;8.0;4.6
405;5162 Machines voor de bouw;1999;0.5;4.0;1.6;22.9;18.8;9.9;8.9;4.5
406;51641 Computers en -randapparatuur.;1993;2.0;25.5;9.9;28.8;21.7;12.7;9.0;7.7
407;51641 Computers en -randapparatuur.;1994;2.3;25.9;10.6;25.2;20.5;10.8;9.7;5.6
408;51641 Computers en -randapparatuur.;1995;2.6;26.1;10.8;25.8;19.9;10.5;9.4;6.7
409;51641 Computers en -randapparatuur.;1996;2.8;27.6;16.6;20.7;16.8;7.6;9.2;4.6
410;51641 Computers en -randapparatuur.;1997;3.1;32.6;20.5;18.3;15.5;7.1;8.4;3.5
411;51641 Computers en -randapparatuur.;1998;3.5;38.9;25.2;20.4;16.1;6.6;9.5;4.9
412;51641 Computers en -randapparatuur.;1999;3.6;43.6;31.1;23.6;16.6;6.5;10.1;7.4
413;51642 Kantoormachines;1993;0.5;7.2;3.8;17.5;13.5;6.4;7.1;4.2
414;51642 Kantoormachines;1994;0.5;7.6;4.5;16.0;12.9;5.7;7.2;3.3
415;51642 Kantoormachines;1995;0.4;7.6;4.5;16.5;13.1;5.6;7.5;3.6
416;51642 Kantoormachines;1996;0.5;7.0;5.5;14.0;10.8;4.2;6.6;3.3
417;51642 Kantoormachines;1997;0.5;8.0;6.5;13.0;10.2;4.2;6.0;3.0
418;51642 Kantoormachines;1998;0.5;8.8;7.1;13.5;11.0;4.5;6.5;2.7
419;51642 Kantoormachines;1999;0.5;9.0;7.9;14.0;12.0;4.6;7.4;2.4
420;51643 Kantoormeubels;1993;0.3;3.0;0.6;32.0;26.6;14.0;12.6;5.7
421;51643 Kantoormeubels;1994;0.3;2.5;0.5;28.2;25.7;12.6;13.1;3.1
422;51643 Kantoormeubels;1995;0.3;2.7;0.6;27.6;23.7;11.6;12.1;4.8
423;51643 Kantoormeubels;1996;0.4;2.7;0.6;27.8;23.7;11.2;12.5;4.8
424;51643 Kantoormeubels;1997;0.4;3.2;0.8;28.3;23.5;12.0;11.5;5.3
425;51643 Kantoormeubels;1998;0.4;3.5;0.9;28.4;22.8;11.2;11.6;6.1
426;51643 Kantoormeubels;1999;0.4;4.3;1.0;29.5;25.0;12.6;12.4;5.0
427;51651 Machines voor de grafische industr;1993;0.1;2.0;0.5;28.0;24.7;14.9;9.8;3.3
428;51651 Machines voor de grafische industr;1994;0.2;2.1;0.5;29.2;27.0;14.8;12.2;2.8
429;51651 Machines voor de grafische industr;1995;0.2;2.0;0.5;29.1;25.9;14.3;11.6;3.9
430;51651 Machines voor de grafische industr;1996;0.2;1.9;0.6;26.2;19.0;9.7;9.3;7.4
431;51651 Machines voor de grafische industr;1997;0.2;1.9;0.7;24.1;18.8;10.6;8.2;5.6
432;51651 Machines voor de grafische industr;1998;0.2;2.0;0.7;24.6;19.7;11.2;8.5;5.2
433;51651 Machines voor de grafische industr;1999;0.2;2.1;0.7;26.0;22.4;12.6;9.8;4.2
434;51653 Intern transportmateriaal;1993;0.3;4.2;0.9;31.0;25.0;14.6;10.4;6.4
435;51653 Intern transportmateriaal;1994;0.3;4.3;0.9;32.1;28.1;15.2;12.9;4.6
436;51653 Intern transportmateriaal;1995;0.3;4.4;0.9;32.6;27.3;15.2;12.1;6.0
437;51653 Intern transportmateriaal;1996;0.4;4.6;1.0;31.7;24.9;13.9;11.0;7.1
438;51653 Intern transportmateriaal;1997;0.4;4.7;1.1;30.8;25.8;14.4;11.4;6.0
439;51653 Intern transportmateriaal;1998;0.4;5.0;1.2;31.2;25.9;14.3;11.6;6.2
440;51653 Intern transportmateriaal;1999;0.4;5.5;1.3;31.3;27.1;15.2;11.9;5.5
441;51654 Machines voor warmte en koeltechn;1993;0.5;4.0;0.9;27.1;21.3;12.9;8.4;6.2
442;51654 Machines voor warmte en koeltechn;1994;0.6;4.6;1.2;25.3;21.2;11.4;9.8;4.7
443;51654 Machines voor warmte en koeltechn;1995;0.5;4.7;1.0;29.2;24.7;13.5;11.2;4.8
444;51654 Machines voor warmte en koeltechn;1996;0.5;4.9;1.1;29.5;23.8;13.6;10.2;6.0
445;51654 Machines voor warmte en koeltechn;1997;0.5;5.0;1.1;29.9;24.3;13.9;10.4;6.1
446;51654 Machines voor warmte en koeltechn;1998;0.5;5.3;1.2;29.3;23.8;13.7;10.1;6.1
447;51654 Machines voor warmte en koeltechn;1999;0.5;5.5;1.2;31.7;25.2;14.4;10.9;7.2
448;51655 Verbrandingsmotoren, pompen;1993;0.4;4.9;0.9;29.9;24.6;14.9;9.7;6.2
449;51655 Verbrandingsmotoren, pompen;1994;0.3;4.1;1.0;29.5;25.6;14.2;11.4;5.1
450;51655 Verbrandingsmotoren, pompen;1995;0.3;4.2;1.0;30.0;25.3;14.3;11.0;5.5
451;51655 Verbrandingsmotoren, pompen;1996;0.3;4.6;1.3;27.1;22.0;12.6;9.4;5.6
452;51655 Verbrandingsmotoren, pompen;1997;0.3;4.9;1.3;27.5;23.0;13.3;9.7;5.2
453;51655 Verbrandingsmotoren, pompen;1998;0.3;5.0;1.5;26.3;21.7;12.9;8.8;5.3
454;51655 Verbrandingsmotoren, pompen;1999;0.3;5.0;1.4;28.9;23.7;14.1;9.6;5.7
455;51656 Appendages, techn. toebehoren;1993;1.3;10.5;2.2;34.4;26.0;15.4;10.6;8.8
456;51656 Appendages, techn. toebehoren;1994;1.2;11.3;2.5;33.1;28.2;15.3;12.9;5.6
457;51656 Appendages, techn. toebehoren;1995;1.3;11.6;2.4;32.8;26.1;14.2;11.9;7.2
458;51656 Appendages, techn. toebehoren;1996;1.2;13.0;3.1;33.3;26.0;14.5;11.5;7.9
459;51656 Appendages, techn. toebehoren;1997;1.2;12.7;3.3;27.2;21.4;12.1;9.3;6.5
460;51656 Appendages, techn. toebehoren;1998;1.1;13.1;3.4;27.2;22.2;12.8;9.4;5.7
461;51656 Appendages, techn. toebehoren;1999;1.0;13.8;2.8;33.1;27.5;16.0;11.5;6.2
462;51657 Elektromotoren , schakelkasten e.d;1993;1.9;17.0;3.9;27.1;20.9;12.2;8.7;6.8
463;51657 Elektromotoren , schakelkasten e.d;1994;1.7;18.1;4.4;27.7;22.3;12.5;9.8;6.1
464;51657 Elektromotoren , schakelkasten e.d;1995;1.9;18.0;4.6;27.7;21.3;12.0;9.3;6.9
465;51657 Elektromotoren , schakelkasten e.d;1996;2.0;19.5;5.4;27.3;20.9;11.5;9.4;7.0
466;51657 Elektromotoren , schakelkasten e.d;1997;2.1;21.0;5.5;26.4;21.2;11.6;9.6;5.9
467;51657 Elektromotoren , schakelkasten e.d;1998;2.1;20.4;5.7;26.2;21.1;11.6;9.5;5.8
468;51657 Elektromotoren , schakelkasten e.d;1999;2.0;23.0;6.9;27.2;22.1;12.7;9.4;5.8
469;51658 Meet- en regelapparatuur;1993;0.5;5.1;1.1;29.1;24.2;15.0;9.2;6.6
470;51658 Meet- en regelapparatuur;1994;0.5;5.4;1.2;28.9;25.5;14.8;10.7;5.0
471;51658 Meet- en regelapparatuur;1995;0.5;5.6;1.3;30.2;26.4;15.4;11.0;5.3
472;51658 Meet- en regelapparatuur;1996;0.5;5.4;1.3;35.8;30.5;17.3;13.2;6.4
473;51658 Meet- en regelapparatuur;1997;0.6;5.5;1.4;33.0;27.9;16.0;11.9;6.5
474;51658 Meet- en regelapparatuur;1998;0.6;6.4;1.6;34.7;29.3;16.9;12.4;6.4
475;51658 Meet- en regelapparatuur;1999;0.6;6.8;1.7;33.5;27.7;15.8;11.9;6.7
476;5163, 51652 + 51659 Overige machines;1993;1.5;10.6;1.8;35.3;29.0;17.4;11.6;7.4
477;5163, 51652 + 51659 Overige machines;1994;1.4;12.1;1.9;34.5;31.6;16.8;14.8;4.2
478;5163, 51652 + 51659 Overige machines;1995;1.6;12.1;2.1;34.8;30.8;16.3;14.5;5.7
479;5163, 51652 + 51659 Overige machines;1996;1.7;14.0;2.5;33.1;28.5;14.4;14.1;6.3
480;5163, 51652 + 51659 Overige machines;1997;1.8;13.6;2.6;32.9;28.3;15.2;13.1;6.8
481;5163, 51652 + 51659 Overige machines;1998;1.8;14.4;2.9;32.8;28.7;15.7;13.0;6.5
482;5163, 51652 + 51659 Overige machines;1999;1.7;14.4;3.0;33.1;29.8;16.8;13.0;5.9
483;5166 Landbouwmachines en tractoren;1993;1.1;7.6;1.4;24.9;18.6;12.0;6.6;6.6
484;5166 Landbouwmachines en tractoren;1994;1.1;7.7;1.5;24.9;20.4;12.2;8.2;5.0
485;5166 Landbouwmachines en tractoren;1995;1.1;7.5;1.5;24.5;20.1;11.9;8.2;4.9
486;5166 Landbouwmachines en tractoren;1996;1.1;8.4;1.6;24.4;20.3;11.7;8.6;4.8
487;5166 Landbouwmachines en tractoren;1997;1.1;8.5;1.6;25.4;20.8;11.4;9.4;5.6
488;5166 Landbouwmachines en tractoren;1998;1.2;8.1;1.7;25.0;20.0;11.0;9.0;5.4
489;5166 Landbouwmachines en tractoren;1999;1.2;9.2;1.9;25.0;21.8;12.4;9.4;4.0
490;51711+51712+51714 Bedrijfsmeubels e.d.;1993;;;;;;;;
491;51711+51712+51714 Bedrijfsmeubels e.d.;1994;;;;;;;;
492;51711+51712+51714 Bedrijfsmeubels e.d.;1995;;;;;;;;
493;51711+51712+51714 Bedrijfsmeubels e.d.;1996;1.5;8.7;1.8;26.9;22.0;10.7;11.3;5.5
494;51711+51712+51714 Bedrijfsmeubels e.d.;1997;1.5;9.0;2.0;28.4;23.0;11.6;11.4;6.3
495;51711+51712+51714 Bedrijfsmeubels e.d.;1998;1.5;8.7;2.0;29.9;24.1;11.8;12.3;6.5
496;51711+51712+51714 Bedrijfsmeubels e.d.;1999;1.5;9.3;2.2;30.1;24.4;12.8;11.6;6.2
497;51713 Emballage;1993;0.9;5.2;1.8;20.9;14.5;7.5;7.0;6.6
498;51713 Emballage;1994;0.9;5.1;1.7;21.9;17.3;7.5;9.8;5.0
499;51713 Emballage;1995;1.0;5.4;1.6;23.3;17.3;8.0;9.3;6.3
500;51713 Emballage;1996;0.9;5.2;1.5;23.1;18.3;8.8;9.5;5.1
501;51713 Emballage;1997;0.9;5.5;1.7;21.6;17.1;8.1;9.0;5.2
502;51713 Emballage;1998;1.0;5.8;2.0;20.5;16.4;7.6;8.8;4.8
503;51713 Emballage;1999;0.9;6.5;2.0;21.4;18.1;8.8;9.3;4.6
